path,category,top_level,lines
docs/README.md,archive_doc_or_report,docs,46
docs/center_token_v2_results.md,archive_doc_or_report,docs,197
docs/codex-handoffs/current_workspace_handoff.md,archive_doc_or_report,docs,394
docs/ecg_digital_thresholds.md,archive_doc_or_report,docs,153
docs/ecgtwin_super5_digital_gt_validation.json,archive_doc_or_report,docs,1053
docs/ecgtwin_super5_digital_gt_validation.md,archive_doc_or_report,docs,189
docs/experiment_summary_for_advisor.md,archive_doc_or_report,docs,583
docs/label_strategy.md,archive_doc_or_report,docs,543
docs/module_ablation_1_real_vs_synth.md,archive_doc_or_report,docs,196
docs/pipelines/agents_md_organization_suggestions_20260529.md,archive_doc_or_report,docs,59
docs/pipelines/ai_agent_workspace_refactor_plan_20260604.md,archive_doc_or_report,docs,1060
docs/pipelines/center_style_classifier_pipeline.md,archive_doc_or_report,docs,1342
docs/pipelines/current_reproduction_pipeline.md,archive_doc_or_report,docs,1313
docs/pipelines/data_layer_refactor_plan_20260619.md,archive_doc_or_report,docs,219
docs/pipelines/dataset_preprocessing_pipeline.md,archive_doc_or_report,docs,790
docs/pipelines/ecgfounder_frozen_linear_probe_pipeline.md,archive_doc_or_report,docs,884
docs/pipelines/ecgtwin_author_repro_pipeline.md,archive_doc_or_report,docs,365
docs/pipelines/ecgtwin_center_prompt_token_pipeline.md,archive_doc_or_report,docs,2506
docs/pipelines/efficientnetv2_training_pipeline.md,archive_doc_or_report,docs,656
docs/pipelines/final_round_ablation_pipeline.md,archive_doc_or_report,docs,543
docs/pipelines/graduate_project.md,archive_doc_or_report,docs,4195
docs/pipelines/latent_hull_online_at_pipeline.md,archive_doc_or_report,docs,2505
docs/pipelines/managed_v6_main_repro_20260528.md,archive_doc_or_report,docs,104
docs/pipelines/next_auto_execution_plan.md,archive_doc_or_report,docs,1139
docs/pipelines/pn2021_c_corruption_benchmark_pipeline.md,archive_doc_or_report,docs,727
docs/pipelines/pn2021_v3_reevaluation_pipeline.md,archive_doc_or_report,docs,236
docs/pipelines/pn2021c_candidate_inventory_20260630.md,archive_doc_or_report,docs,458
docs/pipelines/pn2021c_dual_model_corruption_calibration_plan_20260618.md,archive_doc_or_report,docs,600
docs/pipelines/pn2021c_vae_augmix_recovery_goal_plan_20260613.md,archive_doc_or_report,docs,684
docs/pipelines/pn2021c_vae_lhat_augmix_execution_plan_20260618.md,archive_doc_or_report,docs,445
docs/pipelines/ptbxl_ecgtwin_offline_pgd_at_pipeline.md,archive_doc_or_report,docs,704
docs/pipelines/ptbxl_prompt_token_boundary_at_pipeline.md,archive_doc_or_report,docs,345
docs/pipelines/refactor_fact_check_decision_20260527.md,archive_doc_or_report,docs,819
docs/pipelines/refactor_phase12_handoff_20260528.md,archive_doc_or_report,docs,115
docs/pipelines/refactor_preflight_20260614.md,archive_doc_or_report,docs,279
docs/pipelines/refactor_source_of_truth_20260527.md,archive_doc_or_report,docs,564
docs/pipelines/run_record_management_20260529.md,archive_doc_or_report,docs,99
docs/pipelines/streamlit_tensorrt_demo_pipeline.md,archive_doc_or_report,docs,695
docs/pipelines/super5_label_mapping_pipeline.md,archive_doc_or_report,docs,451
docs/pipelines/v7_sjr_rgq_effnet_mainline_repro_20260528.md,archive_doc_or_report,docs,61
docs/reports/README.md,archive_doc_or_report,docs,18
docs/superpowers/plans/2026-06-05-mainline-refactor.md,archive_doc_or_report,docs,84
docs/superpowers/plans/2026-06-05-mainline-rerun-with-benchmark-vae.md,archive_doc_or_report,docs,257
docs/superpowers/plans/2026-06-05-paper-safety-typed-adapter-refactor.md,archive_doc_or_report,docs,1471
docs/superpowers/plans/2026-06-15-calibrated-latent-augmix.md,archive_doc_or_report,docs,151
docs/superpowers/plans/2026-06-15-ecgfounder-vae-augmix-pn2021c-eval.md,archive_doc_or_report,docs,235
docs/superpowers/plans/2026-06-16-ecgfounder-raw1000-parity.md,archive_doc_or_report,docs,838
docs/superpowers/plans/2026-06-30-official-s5-composite-mainline.md,archive_doc_or_report,docs,154
docs/superpowers/plans/2026-06-30-pn2021c-vae-lhat-agent-refactor.md,archive_doc_or_report,docs,554
docs/superpowers/plans/2026-07-01-breaking-refactor-archive-legacy.md,archive_doc_or_report,docs,543
docs/synth_anchored_super5_pilot_summary_final.md,archive_doc_or_report,docs,167
docs/training/efficientnet_training.md,archive_doc_or_report,docs,357
docs/triple_labels_metrics_for_advisor.md,archive_doc_or_report,docs,344
configs/experiments/benchmark_fcn_wang_vae_noaug_k500_v7_sjr_rgq.yaml,archive_historical_config,configs,20
configs/experiments/benchmark_inception1d_vae_noaug_k500_v7_sjr_rgq.yaml,archive_historical_config,configs,20
configs/experiments/benchmark_resnet1d_vae_noaug_k500_v7_sjr_rgq.yaml,archive_historical_config,configs,20
configs/experiments/ecgfounder_direct_corrupted_k500_supervised_officials5_depth23_ep10_chapman_shaoxing_20260701.yaml,archive_historical_config,configs,11
configs/experiments/ecgfounder_direct_corrupted_k500_supervised_officials5_depth23_ep10_cpsc_20260701.yaml,archive_historical_config,configs,65
configs/experiments/ecgfounder_direct_corrupted_k500_supervised_officials5_depth23_ep10_georgia_20260701.yaml,archive_historical_config,configs,11
configs/experiments/ecgfounder_direct_corrupted_k500_supervised_officials5_depth23_ep10_ningbo_20260701.yaml,archive_historical_config,configs,11
configs/experiments/ecgfounder_k500_fullft_locked_seed20260601.yaml,archive_historical_config,configs,25
configs/experiments/ecgfounder_k500_fullft_locked_seed20260601_chapman_shaoxing_20260622.yaml,archive_historical_config,configs,19
configs/experiments/ecgfounder_k500_fullft_locked_seed20260601_cpsc_20260622.yaml,archive_historical_config,configs,19
configs/experiments/ecgfounder_k500_fullft_locked_seed20260601_georgia_20260622.yaml,archive_historical_config,configs,19
configs/experiments/ecgfounder_k500_fullft_locked_seed20260601_ningbo_20260622.yaml,archive_historical_config,configs,19
configs/experiments/ecgfounder_raw_augmix_novae_officials5_depth23cycle_ep10_chapman_shaoxing_20260701.yaml,archive_historical_config,configs,19
configs/experiments/ecgfounder_raw_augmix_novae_officials5_depth23cycle_ep10_cpsc_20260701.yaml,archive_historical_config,configs,54
configs/experiments/ecgfounder_raw_augmix_novae_officials5_depth23cycle_ep10_georgia_20260701.yaml,archive_historical_config,configs,19
configs/experiments/ecgfounder_raw_augmix_novae_officials5_depth23cycle_ep10_ningbo_20260701.yaml,archive_historical_config,configs,19
configs/experiments/ecgfounder_vae_lhat_augmix_k500_v7_sjr_rgq.yaml,archive_historical_config,configs,28
configs/experiments/ecgfounder_vae_lhat_augmix_threechain_aligned_effnet_sota_chapman_shaoxing_20260621.yaml,archive_historical_config,configs,11
configs/experiments/ecgfounder_vae_lhat_augmix_threechain_aligned_effnet_sota_cpsc_20260621.yaml,archive_historical_config,configs,11
configs/experiments/ecgfounder_vae_lhat_augmix_threechain_aligned_effnet_sota_dense_cached_georgia_20260621.yaml,archive_historical_config,configs,23
configs/experiments/ecgfounder_vae_lhat_augmix_threechain_aligned_effnet_sota_dense_chapman_shaoxing_20260622.yaml,archive_historical_config,configs,23
configs/experiments/ecgfounder_vae_lhat_augmix_threechain_aligned_effnet_sota_dense_cpsc_20260622.yaml,archive_historical_config,configs,23
configs/experiments/ecgfounder_vae_lhat_augmix_threechain_aligned_effnet_sota_dense_georgia_20260621.yaml,archive_historical_config,configs,11
configs/experiments/ecgfounder_vae_lhat_augmix_threechain_aligned_effnet_sota_dense_k500.yaml,archive_historical_config,configs,19
configs/experiments/ecgfounder_vae_lhat_augmix_threechain_aligned_effnet_sota_dense_ningbo_20260622.yaml,archive_historical_config,configs,23
configs/experiments/ecgfounder_vae_lhat_augmix_threechain_aligned_effnet_sota_georgia_20260621.yaml,archive_historical_config,configs,11
configs/experiments/ecgfounder_vae_lhat_augmix_threechain_aligned_effnet_sota_k500.yaml,archive_historical_config,configs,54
configs/experiments/ecgfounder_vae_lhat_augmix_threechain_aligned_effnet_sota_ningbo_20260621.yaml,archive_historical_config,configs,11
configs/experiments/ecgfounder_vae_lhat_augmix_threechain_aligned_effnet_sota_tail2_georgia_20260621.yaml,archive_historical_config,configs,11
configs/experiments/ecgfounder_vae_lhat_augmix_threechain_aligned_effnet_sota_tail2_k500.yaml,archive_historical_config,configs,21
configs/experiments/ecgfounder_vae_lhat_augmix_threechain_aligned_effnet_sota_tail3_georgia_20260621.yaml,archive_historical_config,configs,11
configs/experiments/ecgfounder_vae_lhat_augmix_threechain_aligned_effnet_sota_tail3_k500.yaml,archive_historical_config,configs,20
configs/experiments/ecgfounder_vae_lhat_augmix_threechain_cand93_matched_seed20260601_chapman_shaoxing_20260622.yaml,archive_historical_config,configs,24
configs/experiments/ecgfounder_vae_lhat_augmix_threechain_cand93_matched_seed20260601_cpsc_20260622.yaml,archive_historical_config,configs,24
configs/experiments/ecgfounder_vae_lhat_augmix_threechain_cand93_matched_seed20260601_dense_k500.yaml,archive_historical_config,configs,19
configs/experiments/ecgfounder_vae_lhat_augmix_threechain_cand93_matched_seed20260601_georgia_20260622.yaml,archive_historical_config,configs,24
configs/experiments/ecgfounder_vae_lhat_augmix_threechain_cand93_matched_seed20260601_k500.yaml,archive_historical_config,configs,61
configs/experiments/ecgfounder_vae_lhat_augmix_threechain_cand93_matched_seed20260601_ningbo_20260622.yaml,archive_historical_config,configs,24
configs/experiments/ecgfounder_vae_lhat_augmix_threechain_cand93_matched_seed20260601_tail2_k500.yaml,archive_historical_config,configs,20
configs/experiments/ecgfounder_vae_lhat_augmix_threechain_cand93_matched_seed20260601_tail3_k500.yaml,archive_historical_config,configs,20
configs/experiments/ecgfounder_vae_lhat_augmix_threechain_locked_current_chapman_shaoxing_20260621.yaml,archive_historical_config,configs,20
configs/experiments/ecgfounder_vae_lhat_augmix_threechain_locked_current_cpsc_20260621.yaml,archive_historical_config,configs,20
configs/experiments/ecgfounder_vae_lhat_augmix_threechain_locked_current_georgia_20260621.yaml,archive_historical_config,configs,20
configs/experiments/ecgfounder_vae_lhat_augmix_threechain_locked_current_ningbo_20260621.yaml,archive_historical_config,configs,20
configs/experiments/ecgfounder_vae_lhat_augmix_threechain_officials5_cand100_depth3_m100_c18_b20_cpsc_20260623.yaml,archive_historical_config,configs,63
configs/experiments/ecgfounder_vae_lhat_augmix_threechain_officials5_cand100_depth3_m100_c18_b20_georgia_20260623.yaml,archive_historical_config,configs,22
configs/experiments/ecgfounder_vae_lhat_augmix_threechain_officials5_cand107_triplecover_c24_chapman_shaoxing_20260623.yaml,archive_historical_config,configs,45
configs/experiments/ecgfounder_vae_lhat_augmix_threechain_officials5_cand107_triplecover_c24_cpsc_20260623.yaml,archive_historical_config,configs,36
configs/experiments/ecgfounder_vae_lhat_augmix_threechain_officials5_cand107_triplecover_c24_georgia_20260623.yaml,archive_historical_config,configs,36
configs/experiments/ecgfounder_vae_lhat_augmix_threechain_officials5_cand107_triplecover_c24_ningbo_20260623.yaml,archive_historical_config,configs,45
configs/experiments/ecgfounder_vae_lhat_augmix_threechain_officials5_cand110_weakcombo_cover_c24_chapman_shaoxing_20260624.yaml,archive_historical_config,configs,46
configs/experiments/ecgfounder_vae_lhat_augmix_threechain_officials5_cand110_weakcombo_cover_c24_cpsc_20260624.yaml,archive_historical_config,configs,46
configs/experiments/ecgfounder_vae_lhat_augmix_threechain_officials5_cand110_weakcombo_cover_c24_georgia_20260624.yaml,archive_historical_config,configs,46
configs/experiments/ecgfounder_vae_lhat_augmix_threechain_officials5_cand110_weakcombo_cover_c24_ningbo_20260624.yaml,archive_historical_config,configs,46
configs/experiments/ecgfounder_vae_lhat_fullpool_raw_augmix_w1_m100_k500_v7_sjr_rgq_cpsc_2018.yaml,archive_historical_config,configs,55
configs/experiments/ecgfounder_vae_lhat_fullpool_raw_augmix_w1_m100_last_epoch_k500_v7_sjr_rgq_cpsc_2018.yaml,archive_historical_config,configs,15
configs/experiments/ecgfounder_vae_lhat_k500_v6_smoke.yaml,archive_historical_config,configs,36
configs/experiments/ecgfounder_vae_lhat_officials5_noaug_ablation_ep10_chapman_shaoxing_20260701.yaml,archive_historical_config,configs,19
configs/experiments/ecgfounder_vae_lhat_officials5_noaug_ablation_ep10_cpsc_20260701.yaml,archive_historical_config,configs,23
configs/experiments/ecgfounder_vae_lhat_officials5_noaug_ablation_ep10_georgia_20260701.yaml,archive_historical_config,configs,23
configs/experiments/ecgfounder_vae_lhat_officials5_noaug_ablation_ep10_ningbo_20260701.yaml,archive_historical_config,configs,19
configs/experiments/effnet_raw_augmix_novae_officials5_depth23cycle_ep60_chapman_shaoxing.yaml,archive_historical_config,configs,48
configs/experiments/effnet_raw_augmix_novae_officials5_depth23cycle_ep60_cpsc.yaml,archive_historical_config,configs,48
configs/experiments/effnet_raw_augmix_novae_officials5_depth23cycle_ep60_georgia.yaml,archive_historical_config,configs,48
configs/experiments/effnet_raw_augmix_novae_officials5_depth23cycle_ep60_ningbo.yaml,archive_historical_config,configs,48
configs/experiments/effnet_vae_lhat_augmix_threechain_dualmodel_cand09_highfreq_chapman_shaoxing.yaml,archive_historical_config,configs,16
configs/experiments/effnet_vae_lhat_augmix_threechain_dualmodel_cand09_highfreq_georgia.yaml,archive_historical_config,configs,16
configs/experiments/effnet_vae_lhat_augmix_threechain_dualmodel_cand09_highfreq_missing3.yaml,archive_historical_config,configs,18
configs/experiments/effnet_vae_lhat_augmix_threechain_dualmodel_cand09_highfreq_ningbo.yaml,archive_historical_config,configs,16
configs/experiments/effnet_vae_lhat_augmix_threechain_dualmodel_cand10_advheavy_chapman_shaoxing.yaml,archive_historical_config,configs,16
configs/experiments/effnet_vae_lhat_augmix_threechain_dualmodel_cand10_advheavy_georgia.yaml,archive_historical_config,configs,16
configs/experiments/effnet_vae_lhat_augmix_threechain_dualmodel_cand10_advheavy_missing3.yaml,archive_historical_config,configs,18
configs/experiments/effnet_vae_lhat_augmix_threechain_dualmodel_cand10_advheavy_ningbo.yaml,archive_historical_config,configs,16
configs/experiments/effnet_vae_lhat_augmix_threechain_dualmodel_cand11_opcycle_rawheavy.yaml,archive_historical_config,configs,51
configs/experiments/effnet_vae_lhat_augmix_threechain_dualmodel_cand12_rawspace_advbce.yaml,archive_historical_config,configs,52
configs/experiments/effnet_vae_lhat_augmix_threechain_dualmodel_cand13_targetrealraw.yaml,archive_historical_config,configs,53
configs/experiments/effnet_vae_lhat_augmix_threechain_dualmodel_cand14_powerfocus.yaml,archive_historical_config,configs,65
configs/experiments/effnet_vae_lhat_augmix_threechain_dualmodel_cand14b_powerfocus_fit.yaml,archive_historical_config,configs,25
configs/experiments/effnet_vae_lhat_augmix_threechain_dualmodel_cand15_freq_cpsc.yaml,archive_historical_config,configs,37
configs/experiments/effnet_vae_lhat_augmix_threechain_dualmodel_cand16_nosource_anchor_cpsc.yaml,archive_historical_config,configs,19
configs/experiments/effnet_vae_lhat_augmix_threechain_dualmodel_cand16_purebuffer_cpsc.yaml,archive_historical_config,configs,19
configs/experiments/effnet_vae_lhat_augmix_threechain_dualmodel_cand17_trainproxy_rawtarget_cpsc.yaml,archive_historical_config,configs,61
configs/experiments/effnet_vae_lhat_augmix_threechain_dualmodel_cand18_trainproxy_hardvae_cpsc.yaml,archive_historical_config,configs,24
configs/experiments/effnet_vae_lhat_augmix_threechain_dualmodel_cand19_trainproxy_rawcons_cpsc.yaml,archive_historical_config,configs,43
configs/experiments/effnet_vae_lhat_augmix_threechain_dualmodel_cand20_trainproxy_shiftmask_cpsc.yaml,archive_historical_config,configs,43
configs/experiments/effnet_vae_lhat_augmix_threechain_dualmodel_cand21_lowptb_balanced_cpsc.yaml,archive_historical_config,configs,19
configs/experiments/effnet_vae_lhat_augmix_threechain_dualmodel_cand22_lowptb_hardvae_cpsc.yaml,archive_historical_config,configs,25
configs/experiments/effnet_vae_lhat_augmix_threechain_dualmodel_cand23_lowptb_bufferheavy_cpsc.yaml,archive_historical_config,configs,26
configs/experiments/effnet_vae_lhat_augmix_threechain_dualmodel_cand24_lowptb_shiftmask_cpsc.yaml,archive_historical_config,configs,32
configs/experiments/effnet_vae_lhat_augmix_threechain_dualmodel_cand25_freshbuf_advchain_cpsc.yaml,archive_historical_config,configs,21
configs/experiments/effnet_vae_lhat_augmix_threechain_dualmodel_cand26_boundary_freshbuf_cpsc.yaml,archive_historical_config,configs,32
configs/experiments/effnet_vae_lhat_augmix_threechain_dualmodel_cand27_lfmask_focus_cpsc.yaml,archive_historical_config,configs,39
configs/experiments/effnet_vae_lhat_augmix_threechain_dualmodel_cand28_hardrefresh_cpsc.yaml,archive_historical_config,configs,32
configs/experiments/effnet_vae_lhat_augmix_threechain_dualmodel_cand29_q2048_rescore_cpsc.yaml,archive_historical_config,configs,19
configs/experiments/effnet_vae_lhat_augmix_threechain_dualmodel_cand30_q2048_midvae_cpsc.yaml,archive_historical_config,configs,30
configs/experiments/effnet_vae_lhat_augmix_threechain_dualmodel_cand30_q2048_midvae_missing3.yaml,archive_historical_config,configs,18
configs/experiments/effnet_vae_lhat_augmix_threechain_dualmodel_cand31_q2048_bufferdominant_cpsc.yaml,archive_historical_config,configs,24
configs/experiments/effnet_vae_lhat_augmix_threechain_dualmodel_cand31_q2048_bufferdominant_missing3.yaml,archive_historical_config,configs,18
configs/experiments/effnet_vae_lhat_augmix_threechain_dualmodel_cand32_q2048_lfmask_focus_cpsc.yaml,archive_historical_config,configs,40
configs/experiments/effnet_vae_lhat_augmix_threechain_dualmodel_cand32_q2048_lfmask_focus_missing3.yaml,archive_historical_config,configs,18
configs/experiments/effnet_vae_lhat_augmix_threechain_dualmodel_cand33_q2048_bufdom_powerfocus_cpsc.yaml,archive_historical_config,configs,31
configs/experiments/effnet_vae_lhat_augmix_threechain_dualmodel_cand33_q2048_bufdom_powerfocus_missing3.yaml,archive_historical_config,configs,38
configs/experiments/effnet_vae_lhat_augmix_threechain_dualmodel_cand34_q2048_advchain20_cpsc.yaml,archive_historical_config,configs,22
configs/experiments/effnet_vae_lhat_augmix_threechain_dualmodel_cand35_advchain_balanced_ops_chapman_shaoxing.yaml,archive_historical_config,configs,16
configs/experiments/effnet_vae_lhat_augmix_threechain_dualmodel_cand35_advchain_balanced_ops_cpsc.yaml,archive_historical_config,configs,32
configs/experiments/effnet_vae_lhat_augmix_threechain_dualmodel_cand35_advchain_balanced_ops_georgia.yaml,archive_historical_config,configs,16
configs/experiments/effnet_vae_lhat_augmix_threechain_dualmodel_cand35_advchain_balanced_ops_ningbo.yaml,archive_historical_config,configs,16
configs/experiments/effnet_vae_lhat_augmix_threechain_dualmodel_cand36_q2048_hardop_inclusive_cpsc.yaml,archive_historical_config,configs,32
configs/experiments/effnet_vae_lhat_augmix_threechain_dualmodel_cand37_trainproxy16_cpsc.yaml,archive_historical_config,configs,17
configs/experiments/effnet_vae_lhat_augmix_threechain_dualmodel_cand38_trainproxy16_hardop_cpsc.yaml,archive_historical_config,configs,32
configs/experiments/effnet_vae_lhat_augmix_threechain_dualmodel_cand39_trainproxy16_boundary_cpsc.yaml,archive_historical_config,configs,17
configs/experiments/effnet_vae_lhat_augmix_threechain_dualmodel_cand40_bcedirect_balanced_cpsc.yaml,archive_historical_config,configs,21
configs/experiments/effnet_vae_lhat_augmix_threechain_dualmodel_cand41_trainproxy16_q4096_chapman_shaoxing.yaml,archive_historical_config,configs,16
configs/experiments/effnet_vae_lhat_augmix_threechain_dualmodel_cand41_trainproxy16_q4096_cpsc.yaml,archive_historical_config,configs,19
configs/experiments/effnet_vae_lhat_augmix_threechain_dualmodel_cand41_trainproxy16_q4096_georgia.yaml,archive_historical_config,configs,16
configs/experiments/effnet_vae_lhat_augmix_threechain_dualmodel_cand41_trainproxy16_q4096_ningbo.yaml,archive_historical_config,configs,16
configs/experiments/effnet_vae_lhat_augmix_threechain_dualmodel_cand42_noisemask_focus_cpsc.yaml,archive_historical_config,configs,22
configs/experiments/effnet_vae_lhat_augmix_threechain_dualmodel_cand43_noisemask_bcedirect_cpsc.yaml,archive_historical_config,configs,21
configs/experiments/effnet_vae_lhat_augmix_threechain_dualmodel_cand44_short12_cpsc.yaml,archive_historical_config,configs,17
configs/experiments/effnet_vae_lhat_augmix_threechain_dualmodel_cand45_sourcefloor_q4096_cpsc.yaml,archive_historical_config,configs,22
configs/experiments/effnet_vae_lhat_augmix_threechain_dualmodel_cand46_q4096_hardop_c8_cpsc.yaml,archive_historical_config,configs,31
configs/experiments/effnet_vae_lhat_augmix_threechain_dualmodel_cand47_sourcefloor_hardop_c8_cpsc.yaml,archive_historical_config,configs,31
configs/experiments/effnet_vae_lhat_augmix_threechain_dualmodel_cand48_sourcefloor_soft_q4096_cpsc.yaml,archive_historical_config,configs,22
configs/experiments/effnet_vae_lhat_augmix_threechain_dualmodel_cand49_q4096_advchain_balops_cpsc.yaml,archive_historical_config,configs,32
configs/experiments/effnet_vae_lhat_augmix_threechain_dualmodel_cand50_q4096_hardop_bcedir_cpsc.yaml,archive_historical_config,configs,21
configs/experiments/effnet_vae_lhat_augmix_threechain_dualmodel_cand51_q4096_balanced_c10_cpsc.yaml,archive_historical_config,configs,34
configs/experiments/effnet_vae_lhat_augmix_threechain_dualmodel_cand52_q4096_short12_cpsc.yaml,archive_historical_config,configs,17
configs/experiments/effnet_vae_lhat_augmix_threechain_dualmodel_cand53_q4096_balanced_c10_b32_cpsc.yaml,archive_historical_config,configs,17
configs/experiments/effnet_vae_lhat_augmix_threechain_dualmodel_cand54_q4096_softcons_cpsc.yaml,archive_historical_config,configs,21
configs/experiments/effnet_vae_lhat_augmix_threechain_dualmodel_cand55_q4096_bcedir_c6_cpsc.yaml,archive_historical_config,configs,21
configs/experiments/effnet_vae_lhat_augmix_threechain_dualmodel_cand56_q4096_localclean_cpsc.yaml,archive_historical_config,configs,23
configs/experiments/effnet_vae_lhat_augmix_threechain_dualmodel_cand57_q4096_c10_maskboost_b32_chapman_shaoxing.yaml,archive_historical_config,configs,16
configs/experiments/effnet_vae_lhat_augmix_threechain_dualmodel_cand57_q4096_c10_maskboost_b32_cpsc.yaml,archive_historical_config,configs,26
configs/experiments/effnet_vae_lhat_augmix_threechain_dualmodel_cand57_q4096_c10_maskboost_b32_georgia.yaml,archive_historical_config,configs,16
configs/experiments/effnet_vae_lhat_augmix_threechain_dualmodel_cand57_q4096_c10_maskboost_b32_ningbo.yaml,archive_historical_config,configs,16
configs/experiments/effnet_vae_lhat_augmix_threechain_dualmodel_cand58_q4096_c10_bcedir_b32_cpsc.yaml,archive_historical_config,configs,21
configs/experiments/effnet_vae_lhat_augmix_threechain_dualmodel_cand59_q4096_c10_localclean_b32_cpsc.yaml,archive_historical_config,configs,23
configs/experiments/effnet_vae_lhat_augmix_threechain_dualmodel_cand60_q4096_c10_adv20_chapman_b32.yaml,archive_historical_config,configs,19
configs/experiments/effnet_vae_lhat_augmix_threechain_dualmodel_cand60_q4096_c10_adv20_georgia_b32.yaml,archive_historical_config,configs,39
configs/experiments/effnet_vae_lhat_augmix_threechain_dualmodel_cand60_q4096_c10_adv20_ningbo_b32.yaml,archive_historical_config,configs,19
configs/experiments/effnet_vae_lhat_augmix_threechain_dualmodel_cand61_q4096_c10_fullpower_b32_cpsc.yaml,archive_historical_config,configs,20
configs/experiments/effnet_vae_lhat_augmix_threechain_dualmodel_cand62_q4096_c12_proxy16_pme_b24_cpsc.yaml,archive_historical_config,configs,33
configs/experiments/effnet_vae_lhat_augmix_threechain_dualmodel_cand63_q4096_c12_fullpower_pme_b24_cpsc.yaml,archive_historical_config,configs,17
configs/experiments/effnet_vae_lhat_augmix_threechain_dualmodel_cand64_q4096_c10_treal60_b32_cpsc.yaml,archive_historical_config,configs,19
configs/experiments/effnet_vae_lhat_augmix_threechain_dualmodel_cand65_q4096_c10_maskboost_b32_short12_cpsc.yaml,archive_historical_config,configs,18
configs/experiments/effnet_vae_lhat_augmix_threechain_dualmodel_cand66_q4096_c10_maskboost_b32_short18_cpsc.yaml,archive_historical_config,configs,18
configs/experiments/effnet_vae_lhat_augmix_threechain_dualmodel_cand67_q4096_c10_maskboost_b32_short24_cpsc.yaml,archive_historical_config,configs,18
configs/experiments/effnet_vae_lhat_augmix_threechain_dualmodel_cand68_q4096_c10_maskboost_adv15_b32_cpsc.yaml,archive_historical_config,configs,19
configs/experiments/effnet_vae_lhat_augmix_threechain_dualmodel_cand69_q4096_c10_maskboost_hull24_b32_cpsc.yaml,archive_historical_config,configs,21
configs/experiments/effnet_vae_lhat_augmix_threechain_dualmodel_cand70_q4096_c10_maskboost_aw32_b32_cpsc.yaml,archive_historical_config,configs,20
configs/experiments/effnet_vae_lhat_augmix_threechain_dualmodel_cand71_q8192_c10_maskboost_b32_cpsc.yaml,archive_historical_config,configs,22
configs/experiments/effnet_vae_lhat_augmix_threechain_dualmodel_cand72_q8192_hull24_c10_maskboost_b32_chapman_shaoxing.yaml,archive_historical_config,configs,19
configs/experiments/effnet_vae_lhat_augmix_threechain_dualmodel_cand72_q8192_hull24_c10_maskboost_b32_cpsc.yaml,archive_historical_config,configs,18
configs/experiments/effnet_vae_lhat_augmix_threechain_dualmodel_cand72_q8192_hull24_c10_maskboost_b32_georgia.yaml,archive_historical_config,configs,19
configs/experiments/effnet_vae_lhat_augmix_threechain_dualmodel_cand72_q8192_hull24_c10_maskboost_b32_ningbo.yaml,archive_historical_config,configs,19
configs/experiments/effnet_vae_lhat_augmix_threechain_dualmodel_cand73_q8192_aw32_c10_maskboost_b32_cpsc.yaml,archive_historical_config,configs,17
configs/experiments/effnet_vae_lhat_augmix_threechain_dualmodel_cand74_q8192_hull24_aw32_c10_maskboost_b32_cpsc.yaml,archive_historical_config,configs,21
configs/experiments/effnet_vae_lhat_augmix_threechain_dualmodel_cand75_q8192_hull24_powermask_c12_b24_cpsc.yaml,archive_historical_config,configs,33
configs/experiments/effnet_vae_lhat_augmix_threechain_dualmodel_cand76_q8192_hull24_adv30_c10_maskboost_b32_cpsc.yaml,archive_historical_config,configs,16
configs/experiments/effnet_vae_lhat_augmix_threechain_dualmodel_cand77_q8192_hull24_adv25_powermask_c12_b24_cpsc.yaml,archive_historical_config,configs,16
configs/experiments/effnet_vae_lhat_augmix_threechain_dualmodel_cand78_q8192_hull24_c10_maskboost_b32_ep45_cpsc.yaml,archive_historical_config,configs,17
configs/experiments/effnet_vae_lhat_augmix_threechain_dualmodel_cand79_q8192_hull24_powermask_bcedir_c12_b24_cpsc.yaml,archive_historical_config,configs,21
configs/experiments/effnet_vae_lhat_augmix_threechain_dualmodel_cand80_q8192_hull24_hardopinc_c12_b24_cpsc.yaml,archive_historical_config,configs,40
configs/experiments/effnet_vae_lhat_augmix_threechain_dualmodel_cand81_q8192_hull24_powermask_rawheavy_c12_b24_cpsc.yaml,archive_historical_config,configs,22
configs/experiments/effnet_vae_lhat_augmix_threechain_dualmodel_cand82_q8192_hull30_powermask_c12_b24_cpsc.yaml,archive_historical_config,configs,18
configs/experiments/effnet_vae_lhat_augmix_threechain_dualmodel_cand83_q8192_hull35_powermask_c12_b24_cpsc.yaml,archive_historical_config,configs,18
configs/experiments/effnet_vae_lhat_augmix_threechain_dualmodel_cand84_q8192_hull24_c10_maskboost_b32_ep45_chapman_shaoxing.yaml,archive_historical_config,configs,21
configs/experiments/effnet_vae_lhat_augmix_threechain_dualmodel_cand85_q8192_hull24_c10_maskboost_b32_ep45_georgia.yaml,archive_historical_config,configs,21
configs/experiments/effnet_vae_lhat_augmix_threechain_dualmodel_cand86_q8192_hull24_c10_maskboost_b32_ep45_ningbo.yaml,archive_historical_config,configs,21
configs/experiments/effnet_vae_lhat_augmix_threechain_dualmodel_cand87_q8192_hull24_powermask_rawheavy_c12_b24_ep45_chapman_shaoxing.yaml,archive_historical_config,configs,39
configs/experiments/effnet_vae_lhat_augmix_threechain_dualmodel_cand88_q8192_hull24_powermask_rawheavy_c12_b24_ep45_georgia.yaml,archive_historical_config,configs,39
configs/experiments/effnet_vae_lhat_augmix_threechain_dualmodel_cand89_q8192_hull24_powermask_rawheavy_c12_b24_ep45_ningbo.yaml,archive_historical_config,configs,39
configs/experiments/effnet_vae_lhat_augmix_threechain_dualmodel_cand90_q8192_hull24_powermask_midlatent_c12_b24_ep45_chapman_shaoxing.yaml,archive_historical_config,configs,38
configs/experiments/effnet_vae_lhat_augmix_threechain_dualmodel_cand90_q8192_hull24_powermask_midlatent_c12_b24_ep45_cpsc.yaml,archive_historical_config,configs,39
configs/experiments/effnet_vae_lhat_augmix_threechain_dualmodel_cand90_q8192_hull24_powermask_midlatent_c12_b24_ep45_georgia.yaml,archive_historical_config,configs,37
configs/experiments/effnet_vae_lhat_augmix_threechain_dualmodel_cand90_q8192_hull24_powermask_midlatent_c12_b24_ep45_ningbo.yaml,archive_historical_config,configs,37
configs/experiments/effnet_vae_lhat_augmix_threechain_dualmodel_cand91_q8192_hull24_powermask_bcedir_c12_b24_ep45_chapman_shaoxing.yaml,archive_historical_config,configs,44
configs/experiments/effnet_vae_lhat_augmix_threechain_dualmodel_cand91_q8192_hull24_powermask_bcedir_c12_b24_ep45_cpsc.yaml,archive_historical_config,configs,45
configs/experiments/effnet_vae_lhat_augmix_threechain_dualmodel_cand91_q8192_hull24_powermask_bcedir_c12_b24_ep45_georgia.yaml,archive_historical_config,configs,43
configs/experiments/effnet_vae_lhat_augmix_threechain_dualmodel_cand91_q8192_hull24_powermask_bcedir_c12_b24_ep45_ningbo.yaml,archive_historical_config,configs,43
configs/experiments/effnet_vae_lhat_augmix_threechain_dualmodel_cand92_q8192_hull24_balanced_c12_midlatent_b24_ep45_cpsc.yaml,archive_historical_config,configs,40
configs/experiments/effnet_vae_lhat_augmix_threechain_dualmodel_cand93_q8192_hull24_combo_depth2_c12_b24_ep45_chapman_shaoxing.yaml,archive_historical_config,configs,19
configs/experiments/effnet_vae_lhat_augmix_threechain_dualmodel_cand93_q8192_hull24_combo_depth2_c12_b24_ep45_cpsc.yaml,archive_historical_config,configs,42
configs/experiments/effnet_vae_lhat_augmix_threechain_dualmodel_cand93_q8192_hull24_combo_depth2_c12_b24_ep45_georgia.yaml,archive_historical_config,configs,19
configs/experiments/effnet_vae_lhat_augmix_threechain_dualmodel_cand93_q8192_hull24_combo_depth2_c12_b24_ep45_ningbo.yaml,archive_historical_config,configs,19
configs/experiments/effnet_vae_lhat_augmix_threechain_dualmodel_cand94_q8192_hull24_perop_maskpower_c15_b20_ep45_chapman_shaoxing.yaml,archive_historical_config,configs,45
configs/experiments/effnet_vae_lhat_augmix_threechain_dualmodel_cand94_q8192_hull24_perop_maskpower_c15_b20_ep45_cpsc.yaml,archive_historical_config,configs,45
configs/experiments/effnet_vae_lhat_augmix_threechain_dualmodel_cand94_q8192_hull24_perop_maskpower_c15_b20_ep45_georgia.yaml,archive_historical_config,configs,45
configs/experiments/effnet_vae_lhat_augmix_threechain_dualmodel_cand94_q8192_hull24_perop_maskpower_c15_b20_ep45_ningbo.yaml,archive_historical_config,configs,45
configs/experiments/effnet_vae_lhat_augmix_threechain_dualmodel_cand95_maskheavy_c20_b20_ep18_chapman_shaoxing.yaml,archive_historical_config,configs,50
configs/experiments/effnet_vae_lhat_augmix_threechain_dualmodel_cand95_maskheavy_c20_b20_ep18_georgia.yaml,archive_historical_config,configs,50
configs/experiments/effnet_vae_lhat_augmix_threechain_dualmodel_cand96_q8192_hull24_balancemask_c18_b24_ep36_chapman_shaoxing.yaml,archive_historical_config,configs,19
configs/experiments/effnet_vae_lhat_augmix_threechain_dualmodel_cand96_q8192_hull24_balancemask_c18_b24_ep36_cpsc.yaml,archive_historical_config,configs,57
configs/experiments/effnet_vae_lhat_augmix_threechain_dualmodel_cand96_q8192_hull24_balancemask_c18_b24_ep36_georgia.yaml,archive_historical_config,configs,19
configs/experiments/effnet_vae_lhat_augmix_threechain_dualmodel_cand96_q8192_hull24_balancemask_c18_b24_ep36_ningbo.yaml,archive_historical_config,configs,19
configs/experiments/effnet_vae_lhat_augmix_threechain_dualmodel_cand97_q8192_hull24_perop_fixedm085_c15_b20_ep45_chapman_shaoxing.yaml,archive_historical_config,configs,26
configs/experiments/effnet_vae_lhat_augmix_threechain_dualmodel_cand97_q8192_hull24_perop_fixedm085_c15_b20_ep45_cpsc.yaml,archive_historical_config,configs,26
configs/experiments/effnet_vae_lhat_augmix_threechain_dualmodel_cand97_q8192_hull24_perop_fixedm085_c15_b20_ep45_georgia.yaml,archive_historical_config,configs,26
configs/experiments/effnet_vae_lhat_augmix_threechain_dualmodel_cand97_q8192_hull24_perop_fixedm085_c15_b20_ep45_ningbo.yaml,archive_historical_config,configs,26
configs/experiments/effnet_vae_lhat_augmix_threechain_dualmodel_cand98_q8192_hull24_perop_fixedm100_c15_b20_ep45_chapman_shaoxing.yaml,archive_historical_config,configs,23
configs/experiments/effnet_vae_lhat_augmix_threechain_dualmodel_cand98_q8192_hull24_perop_fixedm100_c15_b20_ep45_cpsc.yaml,archive_historical_config,configs,23
configs/experiments/effnet_vae_lhat_augmix_threechain_dualmodel_cand98_q8192_hull24_perop_fixedm100_c15_b20_ep45_georgia.yaml,archive_historical_config,configs,23
configs/experiments/effnet_vae_lhat_augmix_threechain_dualmodel_cand98_q8192_hull24_perop_fixedm100_c15_b20_ep45_ningbo.yaml,archive_historical_config,configs,23
configs/experiments/effnet_vae_lhat_augmix_threechain_dualmodel_cpsc_advheavy_hlam20_aw3p0_c4_cw10_bce3_m090.yaml,archive_historical_config,configs,40
configs/experiments/effnet_vae_lhat_augmix_threechain_dualmodel_cpsc_d1_c2_cw2_bce1_m065.yaml,archive_historical_config,configs,31
configs/experiments/effnet_vae_lhat_augmix_threechain_dualmodel_cpsc_d1_c3_cw4_bce1_m065.yaml,archive_historical_config,configs,14
configs/experiments/effnet_vae_lhat_augmix_threechain_dualmodel_cpsc_d1_c3_cw4_bce2_m075_hs5.yaml,archive_historical_config,configs,26
configs/experiments/effnet_vae_lhat_augmix_threechain_dualmodel_cpsc_d1_c3_cw6_bce1_m075.yaml,archive_historical_config,configs,29
configs/experiments/effnet_vae_lhat_augmix_threechain_dualmodel_cpsc_d1_c4_cw4_bce2_m075.yaml,archive_historical_config,configs,30
configs/experiments/effnet_vae_lhat_augmix_threechain_dualmodel_cpsc_highfreq_c6_cw10_bce3_m095.yaml,archive_historical_config,configs,40
configs/experiments/effnet_vae_lhat_augmix_threechain_dualmodel_cpsc_randdepth_c3_cw4_bce1_m065.yaml,archive_historical_config,configs,16
configs/experiments/effnet_vae_lhat_augmix_threechain_dualmodel_cpsc_strong_hlam10_aw1p5_c3_cw6_bce2_m085.yaml,archive_historical_config,configs,36
configs/experiments/effnet_vae_lhat_augmix_threechain_dualmodel_cpsc_strong_hlam15_aw2p0_c4_cw8_bce2_m090.yaml,archive_historical_config,configs,40
configs/experiments/effnet_vae_lhat_augmix_threechain_dualmodel_k500_cpsc_base.yaml,archive_historical_config,configs,62
configs/experiments/effnet_vae_lhat_augmix_threechain_officials5_cand100_depth3_m100_c18_b20_ep45_chapman_shaoxing.yaml,archive_historical_config,configs,18
configs/experiments/effnet_vae_lhat_augmix_threechain_officials5_cand100_depth3_m100_c18_b20_ep45_cpsc.yaml,archive_historical_config,configs,25
configs/experiments/effnet_vae_lhat_augmix_threechain_officials5_cand100_depth3_m100_c18_b20_ep45_georgia.yaml,archive_historical_config,configs,18
configs/experiments/effnet_vae_lhat_augmix_threechain_officials5_cand100_depth3_m100_c18_b20_ep45_ningbo.yaml,archive_historical_config,configs,18
configs/experiments/effnet_vae_lhat_augmix_threechain_officials5_cand101_depth3_m100_c24_strongjsd_b20_ep45_cpsc.yaml,archive_historical_config,configs,28
configs/experiments/effnet_vae_lhat_augmix_threechain_officials5_cand101_depth3_m100_c24_strongjsd_b20_ep45_georgia.yaml,archive_historical_config,configs,28
configs/experiments/effnet_vae_lhat_augmix_threechain_officials5_cand102_maskboost_c18_b20_ep45_cpsc.yaml,archive_historical_config,configs,30
configs/experiments/effnet_vae_lhat_augmix_threechain_officials5_cand102_maskboost_c18_b20_ep45_georgia.yaml,archive_historical_config,configs,19
configs/experiments/effnet_vae_lhat_augmix_threechain_officials5_cand103_latentchain30_c18_b20_ep45_chapman_shaoxing.yaml,archive_historical_config,configs,18
configs/experiments/effnet_vae_lhat_augmix_threechain_officials5_cand103_latentchain30_c18_b20_ep45_cpsc.yaml,archive_historical_config,configs,22
configs/experiments/effnet_vae_lhat_augmix_threechain_officials5_cand103_latentchain30_c18_b20_ep45_georgia.yaml,archive_historical_config,configs,18
configs/experiments/effnet_vae_lhat_augmix_threechain_officials5_cand103_latentchain30_c18_b20_ep45_ningbo.yaml,archive_historical_config,configs,18
configs/experiments/effnet_vae_lhat_augmix_threechain_officials5_cand104_latentchain50_c18_b20_ep45_cpsc.yaml,archive_historical_config,configs,22
configs/experiments/effnet_vae_lhat_augmix_threechain_officials5_cand104_latentchain50_c18_b20_ep45_georgia.yaml,archive_historical_config,configs,18
configs/experiments/effnet_vae_lhat_augmix_threechain_officials5_cand105_triplecover_c18_b20_ep45_chapman_shaoxing.yaml,archive_historical_config,configs,37
configs/experiments/effnet_vae_lhat_augmix_threechain_officials5_cand105_triplecover_c18_b20_ep45_cpsc.yaml,archive_historical_config,configs,37
configs/experiments/effnet_vae_lhat_augmix_threechain_officials5_cand105_triplecover_c18_b20_ep45_georgia.yaml,archive_historical_config,configs,37
configs/experiments/effnet_vae_lhat_augmix_threechain_officials5_cand105_triplecover_c18_b20_ep45_ningbo.yaml,archive_historical_config,configs,37
configs/experiments/effnet_vae_lhat_augmix_threechain_officials5_cand106_depthmix_triplecover_c24_b20_ep45_cpsc.yaml,archive_historical_config,configs,24
configs/experiments/effnet_vae_lhat_augmix_threechain_officials5_cand106_depthmix_triplecover_c24_b20_ep45_georgia.yaml,archive_historical_config,configs,24
configs/experiments/effnet_vae_lhat_augmix_threechain_officials5_cand107_triplecover_c24_strongjsd_b20_ep45_chapman_shaoxing.yaml,archive_historical_config,configs,28
configs/experiments/effnet_vae_lhat_augmix_threechain_officials5_cand107_triplecover_c24_strongjsd_b20_ep45_cpsc.yaml,archive_historical_config,configs,28
configs/experiments/effnet_vae_lhat_augmix_threechain_officials5_cand107_triplecover_c24_strongjsd_b20_ep45_georgia.yaml,archive_historical_config,configs,28
configs/experiments/effnet_vae_lhat_augmix_threechain_officials5_cand107_triplecover_c24_strongjsd_b20_ep45_ningbo.yaml,archive_historical_config,configs,28
configs/experiments/effnet_vae_lhat_augmix_threechain_officials5_cand108_hardcombo_cover_c18_b20_ep45_cpsc.yaml,archive_historical_config,configs,38
configs/experiments/effnet_vae_lhat_augmix_threechain_officials5_cand108_hardcombo_cover_c18_b20_ep45_georgia.yaml,archive_historical_config,configs,38
configs/experiments/effnet_vae_lhat_augmix_threechain_officials5_cand109_hardcombo_c24_strongjsd_b20_ep45_cpsc.yaml,archive_historical_config,configs,36
configs/experiments/effnet_vae_lhat_augmix_threechain_officials5_cand109_hardcombo_c24_strongjsd_b20_ep45_georgia.yaml,archive_historical_config,configs,36
configs/experiments/effnet_vae_lhat_augmix_threechain_officials5_cand110_weakcombo_cover_c24_strongjsd_b20_ep45_chapman_shaoxing.yaml,archive_historical_config,configs,43
configs/experiments/effnet_vae_lhat_augmix_threechain_officials5_cand110_weakcombo_cover_c24_strongjsd_b20_ep45_cpsc.yaml,archive_historical_config,configs,45
configs/experiments/effnet_vae_lhat_augmix_threechain_officials5_cand110_weakcombo_cover_c24_strongjsd_b20_ep45_georgia.yaml,archive_historical_config,configs,45
configs/experiments/effnet_vae_lhat_augmix_threechain_officials5_cand110_weakcombo_cover_c24_strongjsd_b20_ep45_ningbo.yaml,archive_historical_config,configs,42
configs/experiments/effnet_vae_lhat_augmix_threechain_officials5_cand111_midlatent20_aw28_c24_b20_ep45_cpsc.yaml,archive_historical_config,configs,26
configs/experiments/effnet_vae_lhat_augmix_threechain_officials5_cand111_midlatent20_aw28_c24_b20_ep45_georgia.yaml,archive_historical_config,configs,26
configs/experiments/effnet_vae_lhat_augmix_threechain_officials5_cand112_safewarm_c24_b20_aw20_ep45_chapman_shaoxing.yaml,archive_historical_config,configs,28
configs/experiments/effnet_vae_lhat_augmix_threechain_officials5_cand112_safewarm_c24_b20_aw20_ep45_cpsc.yaml,archive_historical_config,configs,27
configs/experiments/effnet_vae_lhat_augmix_threechain_officials5_cand112_safewarm_c24_b20_aw20_ep45_georgia.yaml,archive_historical_config,configs,27
configs/experiments/effnet_vae_lhat_augmix_threechain_officials5_cand112_safewarm_c24_b20_aw20_ep45_ningbo.yaml,archive_historical_config,configs,28
configs/experiments/effnet_vae_lhat_augmix_threechain_officials5_cand113_rawcons_hi_bce_c24_b20_aw20_ep45_cpsc.yaml,archive_historical_config,configs,32
configs/experiments/effnet_vae_lhat_augmix_threechain_officials5_cand113_rawcons_hi_bce_c24_b20_aw20_ep45_georgia.yaml,archive_historical_config,configs,32
configs/experiments/effnet_vae_lhat_augmix_threechain_officials5_cand114_weakcombo_safewarm_c24_b20_aw20_ep45_cpsc.yaml,archive_historical_config,configs,28
configs/experiments/effnet_vae_lhat_augmix_threechain_officials5_cand114_weakcombo_safewarm_c24_b20_aw20_ep45_georgia.yaml,archive_historical_config,configs,28
configs/experiments/effnet_vae_lhat_augmix_threechain_officials5_cand115_weakcombo_latentchain28_c24_b20_aw24_ep45_cpsc.yaml,archive_historical_config,configs,28
configs/experiments/effnet_vae_lhat_augmix_threechain_officials5_cand115_weakcombo_latentchain28_c24_b20_aw24_ep45_georgia.yaml,archive_historical_config,configs,28
configs/experiments/effnet_vae_lhat_augmix_threechain_officials5_cand116_midjsd_c20_b10_ep45_chapman_shaoxing.yaml,archive_historical_config,configs,30
configs/experiments/effnet_vae_lhat_augmix_threechain_officials5_cand116_midjsd_c20_b10_ep45_cpsc.yaml,archive_historical_config,configs,30
configs/experiments/effnet_vae_lhat_augmix_threechain_officials5_cand116_midjsd_c20_b10_ep45_georgia.yaml,archive_historical_config,configs,30
configs/experiments/effnet_vae_lhat_augmix_threechain_officials5_cand116_midjsd_c20_b10_ep45_ningbo.yaml,archive_historical_config,configs,30
configs/experiments/effnet_vae_lhat_augmix_threechain_officials5_cand117_triplecover_c24_strongjsd_b20_ep60_chapman_shaoxing.yaml,archive_historical_config,configs,25
configs/experiments/effnet_vae_lhat_augmix_threechain_officials5_cand117_triplecover_c24_strongjsd_b20_ep60_cpsc.yaml,archive_historical_config,configs,25
configs/experiments/effnet_vae_lhat_augmix_threechain_officials5_cand117_triplecover_c24_strongjsd_b20_ep60_georgia.yaml,archive_historical_config,configs,26
configs/experiments/effnet_vae_lhat_augmix_threechain_officials5_cand117_triplecover_c24_strongjsd_b20_ep60_ningbo.yaml,archive_historical_config,configs,26
configs/experiments/effnet_vae_lhat_augmix_threechain_officials5_cand118_depth23cycle_c24_strongjsd_b20_ep60_chapman_shaoxing.yaml,archive_historical_config,configs,27
configs/experiments/effnet_vae_lhat_augmix_threechain_officials5_cand118_depth23cycle_c24_strongjsd_b20_ep60_cpsc.yaml,archive_historical_config,configs,27
configs/experiments/effnet_vae_lhat_augmix_threechain_officials5_cand118_depth23cycle_c24_strongjsd_b20_ep60_georgia.yaml,archive_historical_config,configs,27
configs/experiments/effnet_vae_lhat_augmix_threechain_officials5_cand118_depth23cycle_c24_strongjsd_b20_ep60_ningbo.yaml,archive_historical_config,configs,27
configs/experiments/effnet_vae_lhat_augmix_threechain_officials5_cand119_depth23cycle_cap4_safewarm_midjsd_ep45_chapman_shaoxing.yaml,archive_historical_config,configs,36
configs/experiments/effnet_vae_lhat_augmix_threechain_officials5_cand119_depth23cycle_cap4_safewarm_midjsd_ep45_cpsc.yaml,archive_historical_config,configs,36
configs/experiments/effnet_vae_lhat_augmix_threechain_officials5_cand119_depth23cycle_cap4_safewarm_midjsd_ep45_georgia.yaml,archive_historical_config,configs,36
configs/experiments/effnet_vae_lhat_augmix_threechain_officials5_cand119_depth23cycle_cap4_safewarm_midjsd_ep45_ningbo.yaml,archive_historical_config,configs,36
configs/experiments/effnet_vae_lhat_augmix_threechain_officials5_cand99_depthmix_c18_b20_ep45_chapman_shaoxing.yaml,archive_historical_config,configs,18
configs/experiments/effnet_vae_lhat_augmix_threechain_officials5_cand99_depthmix_c18_b20_ep45_cpsc.yaml,archive_historical_config,configs,54
configs/experiments/effnet_vae_lhat_augmix_threechain_officials5_cand99_depthmix_c18_b20_ep45_georgia.yaml,archive_historical_config,configs,18
configs/experiments/effnet_vae_lhat_augmix_threechain_officials5_cand99_depthmix_c18_b20_ep45_ningbo.yaml,archive_historical_config,configs,18
configs/experiments/effnet_vae_lhat_calibrated_latent_augmix_directloss_k500_v7_sjr_rgq_cpsc_2018.yaml,archive_historical_config,configs,22
configs/experiments/effnet_vae_lhat_calibrated_latent_augmix_k500_v7_sjr_rgq.yaml,archive_historical_config,configs,36
configs/experiments/effnet_vae_lhat_calibrated_latent_augmix_k500_v7_sjr_rgq_cpsc_2018.yaml,archive_historical_config,configs,19
configs/experiments/effnet_vae_lhat_calibrated_latent_augmix_norenorm_k500_v7_sjr_rgq_cpsc_2018.yaml,archive_historical_config,configs,16
configs/experiments/effnet_vae_lhat_calibrated_rawsupervised_k500_v7_sjr_rgq.yaml,archive_historical_config,configs,16
configs/experiments/effnet_vae_lhat_calibrated_rawsupervised_k500_v7_sjr_rgq_ningbo.yaml,archive_historical_config,configs,19
configs/experiments/effnet_vae_lhat_calibrated_rawsupervised_k500_v7_sjr_rgq_smoke.yaml,archive_historical_config,configs,46
configs/experiments/effnet_vae_lhat_fullpool_raw_augmix_depth1_k500_v7_sjr_rgq_cpsc_2018.yaml,archive_historical_config,configs,17
configs/experiments/effnet_vae_lhat_fullpool_raw_augmix_depth1_m075_k500_v7_sjr_rgq_cpsc_2018.yaml,archive_historical_config,configs,18
configs/experiments/effnet_vae_lhat_fullpool_raw_augmix_depth1_noclip_k500_v7_sjr_rgq_cpsc_2018.yaml,archive_historical_config,configs,16
configs/experiments/effnet_vae_lhat_fullpool_raw_augmix_depth1_w1_m100_hardops_k500_v7_sjr_rgq_chapman.yaml,archive_historical_config,configs,28
configs/experiments/effnet_vae_lhat_fullpool_raw_augmix_depth1_w1_m100_k500_v7_sjr_rgq_cpsc_2018.yaml,archive_historical_config,configs,20
configs/experiments/effnet_vae_lhat_fullpool_raw_augmix_depth1_w1_m100_k500_v7_sjr_rgq_remaining3.yaml,archive_historical_config,configs,18
configs/experiments/effnet_vae_lhat_fullpool_raw_augmix_depth1_w1_m100_stabilizer35_k500_v7_sjr_rgq.yaml,archive_historical_config,configs,29
configs/experiments/effnet_vae_lhat_fullpool_raw_augmix_depth1_w1_m100_stabilizer35_k500_v7_sjr_rgq_part01.yaml,archive_historical_config,configs,17
configs/experiments/effnet_vae_lhat_fullpool_raw_augmix_depth1_w1_m100_stabilizer35_k500_v7_sjr_rgq_part02.yaml,archive_historical_config,configs,17
configs/experiments/effnet_vae_lhat_fullpool_raw_augmix_depth1_w1_m100_stabilizer35_k500_v7_sjr_rgq_smoke.yaml,archive_historical_config,configs,46
configs/experiments/effnet_vae_lhat_fullpool_raw_augmix_k500_v7_sjr_rgq_cpsc_2018.yaml,archive_historical_config,configs,28
configs/experiments/effnet_vae_lhat_fullpool_raw_augmix_noisemask_w1_m100_k500_v7_sjr_rgq_cpsc_2018.yaml,archive_historical_config,configs,24
configs/experiments/effnet_vae_lhat_k500_v6_smoke.yaml,archive_historical_config,configs,39
configs/experiments/effnet_vae_lhat_maskshift_consistency_k500_v7_sjr_rgq.yaml,archive_historical_config,configs,34
configs/experiments/effnet_vae_lhat_maskshift_consistency_k500_v7_sjr_rgq_ningbo.yaml,archive_historical_config,configs,19
configs/experiments/effnet_vae_lhat_maskshift_consistency_k500_v7_sjr_rgq_smoke.yaml,archive_historical_config,configs,46
configs/experiments/effnet_vae_lhat_officials5_noaug_ablation_ep60_chapman_shaoxing.yaml,archive_historical_config,configs,19
configs/experiments/effnet_vae_lhat_officials5_noaug_ablation_ep60_cpsc.yaml,archive_historical_config,configs,19
configs/experiments/effnet_vae_lhat_officials5_noaug_ablation_ep60_georgia.yaml,archive_historical_config,configs,19
configs/experiments/effnet_vae_lhat_officials5_noaug_ablation_ep60_ningbo.yaml,archive_historical_config,configs,19
configs/experiments/effnet_vae_lhat_rawjsd_curriculum_k500_v7_sjr_rgq.yaml,archive_historical_config,configs,55
configs/experiments/effnet_vae_lhat_rawjsd_curriculum_k500_v7_sjr_rgq_smoke.yaml,archive_historical_config,configs,43
configs/experiments/effnet_vae_lhat_rawsupervised_stressor_k500_v7_sjr_rgq.yaml,archive_historical_config,configs,41
configs/experiments/effnet_vae_lhat_rawsupervised_stressor_k500_v7_sjr_rgq_ningbo.yaml,archive_historical_config,configs,19
configs/experiments/effnet_vae_lhat_rawsupervised_stressor_k500_v7_sjr_rgq_smoke.yaml,archive_historical_config,configs,46
configs/experiments/pn2021c_ecgfounder_aligned_effnet_sota_dense_dualmodel_nonpower_chapman_shaoxing.yaml,archive_historical_config,configs,26
configs/experiments/pn2021c_ecgfounder_aligned_effnet_sota_dense_dualmodel_nonpower_cpsc.yaml,archive_historical_config,configs,26
configs/experiments/pn2021c_ecgfounder_aligned_effnet_sota_dense_dualmodel_nonpower_georgia.yaml,archive_historical_config,configs,26
configs/experiments/pn2021c_ecgfounder_aligned_effnet_sota_dense_dualmodel_nonpower_ningbo.yaml,archive_historical_config,configs,26
configs/experiments/pn2021c_ecgfounder_aligned_effnet_sota_dense_dualmodel_powerline_chapman_shaoxing.yaml,archive_historical_config,configs,26
configs/experiments/pn2021c_ecgfounder_aligned_effnet_sota_dense_dualmodel_powerline_cpsc.yaml,archive_historical_config,configs,26
configs/experiments/pn2021c_ecgfounder_aligned_effnet_sota_dense_dualmodel_powerline_georgia.yaml,archive_historical_config,configs,26
configs/experiments/pn2021c_ecgfounder_aligned_effnet_sota_dense_dualmodel_powerline_ningbo.yaml,archive_historical_config,configs,26
configs/experiments/pn2021c_ecgfounder_aligned_effnet_sota_dualmodel_nonpower_chapman_shaoxing.yaml,archive_historical_config,configs,41
configs/experiments/pn2021c_ecgfounder_aligned_effnet_sota_dualmodel_nonpower_cpsc.yaml,archive_historical_config,configs,41
configs/experiments/pn2021c_ecgfounder_aligned_effnet_sota_dualmodel_nonpower_georgia.yaml,archive_historical_config,configs,41
configs/experiments/pn2021c_ecgfounder_aligned_effnet_sota_dualmodel_nonpower_ningbo.yaml,archive_historical_config,configs,41
configs/experiments/pn2021c_ecgfounder_aligned_effnet_sota_dualmodel_powerline_chapman_shaoxing.yaml,archive_historical_config,configs,38
configs/experiments/pn2021c_ecgfounder_aligned_effnet_sota_dualmodel_powerline_cpsc.yaml,archive_historical_config,configs,38
configs/experiments/pn2021c_ecgfounder_aligned_effnet_sota_dualmodel_powerline_georgia.yaml,archive_historical_config,configs,38
configs/experiments/pn2021c_ecgfounder_aligned_effnet_sota_dualmodel_powerline_ningbo.yaml,archive_historical_config,configs,38
configs/experiments/pn2021c_ecgfounder_aligned_effnet_sota_tail2_dualmodel_nonpower_georgia.yaml,archive_historical_config,configs,26
configs/experiments/pn2021c_ecgfounder_aligned_effnet_sota_tail2_dualmodel_powerline_georgia.yaml,archive_historical_config,configs,26
configs/experiments/pn2021c_ecgfounder_aligned_effnet_sota_tail3_dualmodel_nonpower_georgia.yaml,archive_historical_config,configs,26
configs/experiments/pn2021c_ecgfounder_aligned_effnet_sota_tail3_dualmodel_powerline_georgia.yaml,archive_historical_config,configs,26
configs/experiments/pn2021c_ecgfounder_cand93_seed20260601_dualmodel_nonpower_chapman_shaoxing.yaml,archive_historical_config,configs,50
configs/experiments/pn2021c_ecgfounder_cand93_seed20260601_dualmodel_nonpower_cpsc.yaml,archive_historical_config,configs,50
configs/experiments/pn2021c_ecgfounder_cand93_seed20260601_dualmodel_nonpower_georgia.yaml,archive_historical_config,configs,50
configs/experiments/pn2021c_ecgfounder_cand93_seed20260601_dualmodel_nonpower_ningbo.yaml,archive_historical_config,configs,50
configs/experiments/pn2021c_ecgfounder_cand93_seed20260601_dualmodel_powerline_chapman_shaoxing.yaml,archive_historical_config,configs,47
configs/experiments/pn2021c_ecgfounder_cand93_seed20260601_dualmodel_powerline_cpsc.yaml,archive_historical_config,configs,47
configs/experiments/pn2021c_ecgfounder_cand93_seed20260601_dualmodel_powerline_georgia.yaml,archive_historical_config,configs,47
configs/experiments/pn2021c_ecgfounder_cand93_seed20260601_dualmodel_powerline_ningbo.yaml,archive_historical_config,configs,47
configs/experiments/pn2021c_ecgfounder_direct_corrupted_k500_supervised_official_s5_depth23_chapman_shaoxing_20260701.yaml,archive_historical_config,configs,24
configs/experiments/pn2021c_ecgfounder_direct_corrupted_k500_supervised_official_s5_depth23_cpsc_20260701.yaml,archive_historical_config,configs,24
configs/experiments/pn2021c_ecgfounder_direct_corrupted_k500_supervised_official_s5_depth23_georgia_20260701.yaml,archive_historical_config,configs,24
configs/experiments/pn2021c_ecgfounder_direct_corrupted_k500_supervised_official_s5_depth23_ningbo_20260701.yaml,archive_historical_config,configs,24
configs/experiments/pn2021c_effnet_dual3ch_cand11_dualmodel.yaml,archive_historical_config,configs,46
configs/experiments/pn2021c_effnet_dual3ch_cand12_dualmodel.yaml,archive_historical_config,configs,46
configs/experiments/pn2021c_effnet_dual3ch_cand13_dualmodel.yaml,archive_historical_config,configs,46
configs/experiments/pn2021c_effnet_dual3ch_cand14b_dualmodel.yaml,archive_historical_config,configs,46
configs/experiments/pn2021c_effnet_dual3ch_cand15_freq_cpsc.yaml,archive_historical_config,configs,43
configs/experiments/pn2021c_effnet_dual3ch_cand16_nosource_anchor_cpsc.yaml,archive_historical_config,configs,43
configs/experiments/pn2021c_effnet_dual3ch_cand16_purebuffer_cpsc.yaml,archive_historical_config,configs,43
configs/experiments/pn2021c_effnet_dual3ch_cand17_trainproxy_rawtarget_cpsc.yaml,archive_historical_config,configs,43
configs/experiments/pn2021c_effnet_dual3ch_cand18_trainproxy_hardvae_cpsc.yaml,archive_historical_config,configs,43
configs/experiments/pn2021c_effnet_dual3ch_cand19_trainproxy_rawcons_cpsc.yaml,archive_historical_config,configs,43
configs/experiments/pn2021c_effnet_dual3ch_cand20_trainproxy_shiftmask_cpsc.yaml,archive_historical_config,configs,43
configs/experiments/pn2021c_effnet_dual3ch_cand21_lowptb_balanced_cpsc.yaml,archive_historical_config,configs,43
configs/experiments/pn2021c_effnet_dual3ch_cand21to24_powerline_native_cpsc.yaml,archive_historical_config,configs,63
configs/experiments/pn2021c_effnet_dual3ch_cand22_lowptb_hardvae_cpsc.yaml,archive_historical_config,configs,43
configs/experiments/pn2021c_effnet_dual3ch_cand23_lowptb_bufferheavy_cpsc.yaml,archive_historical_config,configs,43
configs/experiments/pn2021c_effnet_dual3ch_cand24_lowptb_shiftmask_cpsc.yaml,archive_historical_config,configs,43
configs/experiments/pn2021c_effnet_dual3ch_cand25to28_powerline_native_cpsc.yaml,archive_historical_config,configs,63
configs/experiments/pn2021c_effnet_dual3ch_cand25to28_rawfirst_cpsc.yaml,archive_historical_config,configs,61
configs/experiments/pn2021c_effnet_dual3ch_cand29to32_powerline_native_cpsc.yaml,archive_historical_config,configs,63
configs/experiments/pn2021c_effnet_dual3ch_cand29to32_rawfirst_cpsc.yaml,archive_historical_config,configs,61
configs/experiments/pn2021c_effnet_dual3ch_cand30_cand32_powerline_native_missing3.yaml,archive_historical_config,configs,53
configs/experiments/pn2021c_effnet_dual3ch_cand30_cand32_rawfirst_missing3.yaml,archive_historical_config,configs,51
configs/experiments/pn2021c_effnet_dual3ch_cand31_cand33_powerline_native_missing3.yaml,archive_historical_config,configs,53
configs/experiments/pn2021c_effnet_dual3ch_cand31_cand33_rawfirst_missing3.yaml,archive_historical_config,configs,51
configs/experiments/pn2021c_effnet_dual3ch_cand31_powerline_native_partial_done2.yaml,archive_historical_config,configs,29
configs/experiments/pn2021c_effnet_dual3ch_cand31_rawfirst_georgia_only.yaml,archive_historical_config,configs,28
configs/experiments/pn2021c_effnet_dual3ch_cand31_rawfirst_partial_done2.yaml,archive_historical_config,configs,29
configs/experiments/pn2021c_effnet_dual3ch_cand33_cand34_powerline_native_cpsc.yaml,archive_historical_config,configs,51
configs/experiments/pn2021c_effnet_dual3ch_cand33_cand34_rawfirst_cpsc.yaml,archive_historical_config,configs,49
configs/experiments/pn2021c_effnet_dual3ch_cand33_rawfirst_georgia_only.yaml,archive_historical_config,configs,28
configs/experiments/pn2021c_effnet_dual3ch_cand33_rawfirst_partial_done2.yaml,archive_historical_config,configs,29
configs/experiments/pn2021c_effnet_dual3ch_cand35_rawfirst_chapman_shaoxing.yaml,archive_historical_config,configs,43
configs/experiments/pn2021c_effnet_dual3ch_cand35_rawfirst_cpsc.yaml,archive_historical_config,configs,43
configs/experiments/pn2021c_effnet_dual3ch_cand35_rawfirst_georgia.yaml,archive_historical_config,configs,43
configs/experiments/pn2021c_effnet_dual3ch_cand35_rawfirst_ningbo.yaml,archive_historical_config,configs,43
configs/experiments/pn2021c_effnet_dual3ch_cand36_rawfirst_cpsc.yaml,archive_historical_config,configs,43
configs/experiments/pn2021c_effnet_dual3ch_cand37_rawfirst_cpsc.yaml,archive_historical_config,configs,43
configs/experiments/pn2021c_effnet_dual3ch_cand38_rawfirst_cpsc.yaml,archive_historical_config,configs,43
configs/experiments/pn2021c_effnet_dual3ch_cand39_rawfirst_cpsc.yaml,archive_historical_config,configs,43
configs/experiments/pn2021c_effnet_dual3ch_cand40_rawfirst_cpsc.yaml,archive_historical_config,configs,43
configs/experiments/pn2021c_effnet_dual3ch_cand41_rawfirst_chapman_shaoxing.yaml,archive_historical_config,configs,43
configs/experiments/pn2021c_effnet_dual3ch_cand41_rawfirst_cpsc.yaml,archive_historical_config,configs,43
configs/experiments/pn2021c_effnet_dual3ch_cand41_rawfirst_georgia.yaml,archive_historical_config,configs,43
configs/experiments/pn2021c_effnet_dual3ch_cand41_rawfirst_ningbo.yaml,archive_historical_config,configs,43
configs/experiments/pn2021c_effnet_dual3ch_cand42_rawfirst_cpsc.yaml,archive_historical_config,configs,43
configs/experiments/pn2021c_effnet_dual3ch_cand43_rawfirst_cpsc.yaml,archive_historical_config,configs,43
configs/experiments/pn2021c_effnet_dual3ch_cand44_rawfirst_cpsc.yaml,archive_historical_config,configs,43
configs/experiments/pn2021c_effnet_dual3ch_cand46_rawfirst_cpsc.yaml,archive_historical_config,configs,43
configs/experiments/pn2021c_effnet_dual3ch_cand49_rawfirst_cpsc.yaml,archive_historical_config,configs,43
configs/experiments/pn2021c_effnet_dual3ch_cand50_rawfirst_cpsc.yaml,archive_historical_config,configs,43
configs/experiments/pn2021c_effnet_dual3ch_cand52_rawfirst_cpsc.yaml,archive_historical_config,configs,43
configs/experiments/pn2021c_effnet_dual3ch_cand53_rawfirst_cpsc.yaml,archive_historical_config,configs,43
configs/experiments/pn2021c_effnet_dual3ch_cand54_rawfirst_cpsc.yaml,archive_historical_config,configs,43
configs/experiments/pn2021c_effnet_dual3ch_cand55_rawfirst_cpsc.yaml,archive_historical_config,configs,43
configs/experiments/pn2021c_effnet_dual3ch_cand56_rawfirst_cpsc.yaml,archive_historical_config,configs,43
configs/experiments/pn2021c_effnet_dual3ch_cand57_rawfirst_chapman_shaoxing.yaml,archive_historical_config,configs,43
configs/experiments/pn2021c_effnet_dual3ch_cand57_rawfirst_cpsc.yaml,archive_historical_config,configs,43
configs/experiments/pn2021c_effnet_dual3ch_cand57_rawfirst_georgia.yaml,archive_historical_config,configs,43
configs/experiments/pn2021c_effnet_dual3ch_cand57_rawfirst_ningbo.yaml,archive_historical_config,configs,43
configs/experiments/pn2021c_effnet_dual3ch_cand58_rawfirst_cpsc.yaml,archive_historical_config,configs,43
configs/experiments/pn2021c_effnet_dual3ch_cand59_rawfirst_cpsc.yaml,archive_historical_config,configs,43
configs/experiments/pn2021c_effnet_dual3ch_cand60_rawfirst_chapman_shaoxing.yaml,archive_historical_config,configs,43
configs/experiments/pn2021c_effnet_dual3ch_cand60_rawfirst_georgia.yaml,archive_historical_config,configs,43
configs/experiments/pn2021c_effnet_dual3ch_cand60_rawfirst_ningbo.yaml,archive_historical_config,configs,43
configs/experiments/pn2021c_effnet_dual3ch_cand61_rawfirst_cpsc.yaml,archive_historical_config,configs,43
configs/experiments/pn2021c_effnet_dual3ch_cand62_rawfirst_cpsc.yaml,archive_historical_config,configs,43
configs/experiments/pn2021c_effnet_dual3ch_cand63_rawfirst_cpsc.yaml,archive_historical_config,configs,43
configs/experiments/pn2021c_effnet_dual3ch_cand64_rawfirst_cpsc.yaml,archive_historical_config,configs,43
configs/experiments/pn2021c_effnet_dual3ch_cand65_rawfirst_cpsc.yaml,archive_historical_config,configs,43
configs/experiments/pn2021c_effnet_dual3ch_cand66_rawfirst_cpsc.yaml,archive_historical_config,configs,43
configs/experiments/pn2021c_effnet_dual3ch_cand67_rawfirst_cpsc.yaml,archive_historical_config,configs,43
configs/experiments/pn2021c_effnet_dual3ch_cand67_retry1_rawfirst_cpsc.yaml,archive_historical_config,configs,43
configs/experiments/pn2021c_effnet_dual3ch_cand68_rawfirst_cpsc.yaml,archive_historical_config,configs,43
configs/experiments/pn2021c_effnet_dual3ch_cand69_rawfirst_cpsc.yaml,archive_historical_config,configs,43
configs/experiments/pn2021c_effnet_dual3ch_cand70_rawfirst_cpsc.yaml,archive_historical_config,configs,43
configs/experiments/pn2021c_effnet_dual3ch_cand71_rawfirst_cpsc.yaml,archive_historical_config,configs,43
configs/experiments/pn2021c_effnet_dual3ch_cand72_goal_rawfirst_chapman_shaoxing.yaml,archive_historical_config,configs,43
configs/experiments/pn2021c_effnet_dual3ch_cand72_goal_rawfirst_georgia.yaml,archive_historical_config,configs,43
configs/experiments/pn2021c_effnet_dual3ch_cand72_goal_rawfirst_ningbo.yaml,archive_historical_config,configs,43
configs/experiments/pn2021c_effnet_dual3ch_cand72_rawfirst_cpsc.yaml,archive_historical_config,configs,43
configs/experiments/pn2021c_effnet_dual3ch_cand73_rawfirst_cpsc.yaml,archive_historical_config,configs,43
configs/experiments/pn2021c_effnet_dual3ch_cand74_rawfirst_cpsc.yaml,archive_historical_config,configs,43
configs/experiments/pn2021c_effnet_dual3ch_cand75_goal_rawfirst_cpsc.yaml,archive_historical_config,configs,43
configs/experiments/pn2021c_effnet_dual3ch_cand76_goal_rawfirst_cpsc.yaml,archive_historical_config,configs,43
configs/experiments/pn2021c_effnet_dual3ch_cand77_goal_rawfirst_cpsc.yaml,archive_historical_config,configs,43
configs/experiments/pn2021c_effnet_dual3ch_cand78_goal_rawfirst_cpsc.yaml,archive_historical_config,configs,43
configs/experiments/pn2021c_effnet_dual3ch_cand79_goal_rawfirst_cpsc.yaml,archive_historical_config,configs,43
configs/experiments/pn2021c_effnet_dual3ch_cand80_goal_rawfirst_cpsc.yaml,archive_historical_config,configs,43
configs/experiments/pn2021c_effnet_dual3ch_cand81_goal_rawfirst_cpsc.yaml,archive_historical_config,configs,43
configs/experiments/pn2021c_effnet_dual3ch_cand82_goal_rawfirst_cpsc.yaml,archive_historical_config,configs,43
configs/experiments/pn2021c_effnet_dual3ch_cand83_goal_rawfirst_cpsc.yaml,archive_historical_config,configs,43
configs/experiments/pn2021c_effnet_dual3ch_cand84_goal_rawfirst_chapman_shaoxing.yaml,archive_historical_config,configs,43
configs/experiments/pn2021c_effnet_dual3ch_cand85_goal_rawfirst_georgia.yaml,archive_historical_config,configs,43
configs/experiments/pn2021c_effnet_dual3ch_cand86_goal_rawfirst_ningbo.yaml,archive_historical_config,configs,43
configs/experiments/pn2021c_effnet_dual3ch_cand87_goal_rawfirst_chapman_shaoxing.yaml,archive_historical_config,configs,43
configs/experiments/pn2021c_effnet_dual3ch_cand88_goal_rawfirst_georgia.yaml,archive_historical_config,configs,43
configs/experiments/pn2021c_effnet_dual3ch_cand89_goal_rawfirst_ningbo.yaml,archive_historical_config,configs,43
configs/experiments/pn2021c_effnet_dual3ch_cand92_goal_rawfirst_cpsc.yaml,archive_historical_config,configs,43
configs/experiments/pn2021c_effnet_dual3ch_cand93_goal_rawfirst_chapman_shaoxing.yaml,archive_historical_config,configs,43
configs/experiments/pn2021c_effnet_dual3ch_cand93_goal_rawfirst_cpsc.yaml,archive_historical_config,configs,43
configs/experiments/pn2021c_effnet_dual3ch_cand93_goal_rawfirst_georgia.yaml,archive_historical_config,configs,43
configs/experiments/pn2021c_effnet_dual3ch_cand93_goal_rawfirst_ningbo.yaml,archive_historical_config,configs,43
configs/experiments/pn2021c_effnet_dual3ch_cand94_accel_rawfirst_georgia.yaml,archive_historical_config,configs,43
configs/experiments/pn2021c_effnet_dual3ch_cand94_accel_rawfirst_ningbo.yaml,archive_historical_config,configs,43
configs/experiments/pn2021c_effnet_dual3ch_cand94_goal_rawfirst_cpsc.yaml,archive_historical_config,configs,43
configs/experiments/pn2021c_effnet_dual3ch_cand94_goal_rawfirst_georgia.yaml,archive_historical_config,configs,43
configs/experiments/pn2021c_effnet_dual3ch_cand94_postcand93_4g_rawfirst_chapman_shaoxing.yaml,archive_historical_config,configs,43
configs/experiments/pn2021c_effnet_dual3ch_cand94_postcand93_4g_rawfirst_cpsc.yaml,archive_historical_config,configs,43
configs/experiments/pn2021c_effnet_dual3ch_cand94_postcand93_4g_rawfirst_georgia.yaml,archive_historical_config,configs,43
configs/experiments/pn2021c_effnet_dual3ch_cand94_postcand93_4g_rawfirst_ningbo.yaml,archive_historical_config,configs,43
configs/experiments/pn2021c_effnet_dual3ch_cand94_postcand93_rawfirst_chapman_shaoxing.yaml,archive_historical_config,configs,43
configs/experiments/pn2021c_effnet_dual3ch_cand94_postcand93_rawfirst_cpsc.yaml,archive_historical_config,configs,43
configs/experiments/pn2021c_effnet_dual3ch_cand94_postcand93_rawfirst_georgia.yaml,archive_historical_config,configs,43
configs/experiments/pn2021c_effnet_dual3ch_cand94_postcand93_rawfirst_ningbo.yaml,archive_historical_config,configs,43
configs/experiments/pn2021c_effnet_dual3ch_cand94_prefetch_rawfirst_georgia.yaml,archive_historical_config,configs,43
configs/experiments/pn2021c_effnet_dual3ch_cand94_prefetch_rawfirst_ningbo.yaml,archive_historical_config,configs,43
configs/experiments/pn2021c_effnet_dual3ch_cand95_maskheavy_rawfirst_chapman_shaoxing.yaml,archive_historical_config,configs,43
configs/experiments/pn2021c_effnet_dual3ch_cand95_maskheavy_rawfirst_chapman_shaoxing_restart1.yaml,archive_historical_config,configs,25
configs/experiments/pn2021c_effnet_dual3ch_cand95_maskheavy_rawfirst_georgia.yaml,archive_historical_config,configs,43
configs/experiments/pn2021c_effnet_dual3ch_cand95_maskheavy_rawfirst_georgia_restart1.yaml,archive_historical_config,configs,25
configs/experiments/pn2021c_effnet_dual3ch_cand96_balancemask_rawfirst_chapman_shaoxing.yaml,archive_historical_config,configs,43
configs/experiments/pn2021c_effnet_dual3ch_cand96_balancemask_rawfirst_cpsc.yaml,archive_historical_config,configs,43
configs/experiments/pn2021c_effnet_dual3ch_cand96_balancemask_rawfirst_georgia.yaml,archive_historical_config,configs,43
configs/experiments/pn2021c_effnet_dual3ch_cand96_balancemask_rawfirst_ningbo.yaml,archive_historical_config,configs,43
configs/experiments/pn2021c_effnet_dual3ch_cand97_fixedm085_rawfirst_chapman_shaoxing.yaml,archive_historical_config,configs,43
configs/experiments/pn2021c_effnet_dual3ch_cand97_fixedm085_rawfirst_cpsc.yaml,archive_historical_config,configs,43
configs/experiments/pn2021c_effnet_dual3ch_cand97_fixedm085_rawfirst_georgia.yaml,archive_historical_config,configs,43
configs/experiments/pn2021c_effnet_dual3ch_cand97_fixedm085_rawfirst_ningbo.yaml,archive_historical_config,configs,43
configs/experiments/pn2021c_effnet_dual3ch_cand98_fixedm100_accel6g_rawfirst_chapman_shaoxing.yaml,archive_historical_config,configs,28
configs/experiments/pn2021c_effnet_dual3ch_cand98_fixedm100_accel6g_rawfirst_georgia.yaml,archive_historical_config,configs,28
configs/experiments/pn2021c_effnet_dual3ch_cand98_fixedm100_rawfirst_chapman_shaoxing.yaml,archive_historical_config,configs,28
configs/experiments/pn2021c_effnet_dual3ch_cand98_fixedm100_rawfirst_cpsc.yaml,archive_historical_config,configs,28
configs/experiments/pn2021c_effnet_dual3ch_cand98_fixedm100_rawfirst_georgia.yaml,archive_historical_config,configs,28
configs/experiments/pn2021c_effnet_dual3ch_cand98_fixedm100_rawfirst_ningbo.yaml,archive_historical_config,configs,28
configs/experiments/pn2021c_effnet_dual3ch_cpsc_dualmodel_smoke.yaml,archive_historical_config,configs,103
configs/experiments/pn2021c_effnet_dual3ch_selected_dualmodel_cpsc.yaml,archive_historical_config,configs,51
configs/experiments/pn2021c_effnet_dual3ch_selected_dualmodel_missing3.yaml,archive_historical_config,configs,69
configs/experiments/pn2021c_effnet_dual3ch_selected_official_s5_cpsc.yaml,archive_historical_config,configs,23
configs/experiments/pn2021c_effnet_dual3ch_selected_official_s5_missing3.yaml,archive_historical_config,configs,23
configs/experiments/pn2021c_effnet_v7_strong_10to20pp.yaml,archive_historical_config,configs,16
configs/experiments/pn2021c_effnet_v7_strong_10to20pp_smoke.yaml,archive_historical_config,configs,21
configs/experiments/pn2021c_effnet_v7_strong_calibrated_rawsupervised.yaml,archive_historical_config,configs,33
configs/experiments/pn2021c_effnet_v7_strong_calibrated_rawsupervised_ningbo.yaml,archive_historical_config,configs,35
configs/experiments/pn2021c_effnet_v7_strong_maskshift_ningbo.yaml,archive_historical_config,configs,35
configs/experiments/pn2021c_effnet_v7_strong_raw_candidates.yaml,archive_historical_config,configs,45
configs/experiments/pn2021c_effnet_v7_strong_raw_candidates_smoke.yaml,archive_historical_config,configs,19
configs/experiments/pn2021c_effnet_v7_strong_rawsupervised_ningbo.yaml,archive_historical_config,configs,35
configs/experiments/pn2021c_official_s5_depth23_composite_protocol.yaml,archive_historical_config,configs,24
configs/experiments/pn2021c_official_s5_locked_protocol.yaml,archive_historical_config,configs,6
util/tests/__init__.py,archive_noncore_test,util,0
util/tests/test_adaptation_diagnostics.py,archive_noncore_test,util,78
util/tests/test_adaptation_lhat.py,archive_noncore_test,util,684
util/tests/test_agent_operating_layer.py,archive_noncore_test,util,1117
util/tests/test_agent_retrospective_audit.py,archive_noncore_test,util,89
util/tests/test_anchor_sampling.py,archive_noncore_test,util,318
util/tests/test_buffer_labels.py,archive_noncore_test,util,157
util/tests/test_checkpoint_state.py,archive_noncore_test,util,148
util/tests/test_class_trust.py,archive_noncore_test,util,45
util/tests/test_direct_finetune_adapter.py,archive_noncore_test,util,32
util/tests/test_ecg_viz.py,archive_noncore_test,util,171
util/tests/test_ecgfounder_fullft_raw_augmix.py,archive_noncore_test,util,1268
util/tests/test_ecgfounder_raw_augmix.py,archive_noncore_test,util,128
util/tests/test_effnet_robust_checkpoint_selector.py,archive_noncore_test,util,142
util/tests/test_effnet_vae_lhat_runner.py,archive_noncore_test,util,453
util/tests/test_evaluation_inference.py,archive_noncore_test,util,64
util/tests/test_evaluation_metrics.py,archive_noncore_test,util,186
util/tests/test_evaluation_protocols.py,archive_noncore_test,util,110
util/tests/test_evaluation_selection.py,archive_noncore_test,util,232
util/tests/test_evaluation_views.py,archive_noncore_test,util,41
util/tests/test_external_model_links.py,archive_noncore_test,util,215
util/tests/test_finetune_center_super5.py,archive_noncore_test,util,59
util/tests/test_gated_pools.py,archive_noncore_test,util,292
util/tests/test_kshot_artifacts.py,archive_noncore_test,util,109
util/tests/test_kshot_relabel.py,archive_noncore_test,util,63
util/tests/test_labels_tier26.py,archive_noncore_test,util,30
util/tests/test_latent_augmix_consistency.py,archive_noncore_test,util,327
util/tests/test_latent_hull_torch.py,archive_noncore_test,util,69
util/tests/test_latent_pools.py,archive_noncore_test,util,111
util/tests/test_launch_config_child_runner.py,archive_noncore_test,util,100
util/tests/test_matrix_parallel_runner.py,archive_noncore_test,util,41
util/tests/test_metrics_export.py,archive_noncore_test,util,436
util/tests/test_models_ecgfounder.py,archive_noncore_test,util,381
util/tests/test_online_at_helpers.py,archive_noncore_test,util,163
util/tests/test_online_at_records.py,archive_noncore_test,util,20
util/tests/test_paper_tables.py,archive_noncore_test,util,209
util/tests/test_pgd_advdiff_decode_space.py,archive_noncore_test,util,35
util/tests/test_pn2021_eval_adapter.py,archive_noncore_test,util,39
util/tests/test_pn2021_index_kshot.py,archive_noncore_test,util,471
util/tests/test_pn2021_raw_kshot.py,archive_noncore_test,util,107
util/tests/test_pn2021_waveforms.py,archive_noncore_test,util,72
util/tests/test_pn2021c_corruption_profiles.py,archive_noncore_test,util,681
util/tests/test_pn2021c_dual_model_sweep.py,archive_noncore_test,util,599
util/tests/test_pn2021c_metadata.py,archive_noncore_test,util,246
util/tests/test_pn2021c_realism_diagnostics.py,archive_noncore_test,util,76
util/tests/test_pn2021c_recovery_report.py,archive_noncore_test,util,123
util/tests/test_preprocessing_signals.py,archive_noncore_test,util,126
util/tests/test_prompt_tokens.py,archive_noncore_test,util,153
util/tests/test_ptbxl_data.py,archive_noncore_test,util,268
util/tests/test_real_anchors.py,archive_noncore_test,util,154
util/tests/test_resume_contract.py,archive_noncore_test,util,38
util/tests/test_run_naming.py,archive_noncore_test,util,229
util/tests/test_run_record_management.py,archive_noncore_test,util,703
util/tests/test_runner_launch_plan.py,archive_noncore_test,util,310
util/tests/test_runner_process.py,archive_noncore_test,util,182
util/tests/test_signal_cache.py,archive_noncore_test,util,92
util/tests/test_signal_streams.py,archive_noncore_test,util,154
util/tests/test_stream_sampling.py,archive_noncore_test,util,165
util/tests/test_synthetic_npz_contract.py,archive_noncore_test,util,97
util/tests/test_training_losses.py,archive_noncore_test,util,290
util/tests/test_training_splits.py,archive_noncore_test,util,41
util/tests/test_training_torch_utils.py,archive_noncore_test,util,50
util/tests/test_waveform_datasets.py,archive_noncore_test,util,74
adversarial/__init__.py,archive_remove_from_public,adversarial,11
adversarial/adv_generate.py,archive_remove_from_public,adversarial,709
adversarial/adv_validation.py,archive_remove_from_public,adversarial,324
adversarial/efficientnet_adapter.py,archive_remove_from_public,adversarial,150
adversarial/efficientnet_victim.py,archive_remove_from_public,adversarial,278
adversarial/efficientnet_victim_tierM.py,archive_remove_from_public,adversarial,219
adversarial/evaluate.py,archive_remove_from_public,adversarial,421
adversarial/finetune.py,archive_remove_from_public,adversarial,402
adversarial/label_mapping.py,archive_remove_from_public,adversarial,227
adversarial/latent_hull_pgd.py,archive_remove_from_public,adversarial,260
adversarial/pgd_advdiff.py,archive_remove_from_public,adversarial,251
adversarial/tierM_labels.py,archive_remove_from_public,adversarial,58
docs/papers/INDEX.md,archive_remove_from_public,docs,149
docs/reports/archive/20260501/other_autodl_sync_check_20260501.md,archive_remove_from_public,docs,205
docs/reports/archive/20260501/pn2021_multilabel_discard_impact_20260501.md,archive_remove_from_public,docs,312
docs/reports/archive/20260501/super5_mapping_strategy_review_20260501.md,archive_remove_from_public,docs,353
docs/reports/archive/20260502/center_token_target_style_validation_plan_20260502.md,archive_remove_from_public,docs,451
docs/reports/archive/20260502/current_methods_auroc_auprc_report_20260502.md,archive_remove_from_public,docs,259
docs/reports/archive/20260502/ptbxl_ecgtwin_offline_pgd_at_report_20260502.md,archive_remove_from_public,docs,67
docs/reports/archive/20260503/actual_report_center_token_hparam_probe_20260503.md,archive_remove_from_public,docs,115
docs/reports/archive/20260503/center_token_effectiveness_pilot_20260503.md,archive_remove_from_public,docs,406
docs/reports/archive/20260503/center_token_v42_validation_20260503.md,archive_remove_from_public,docs,93
docs/reports/archive/20260503/classfallback_new_generator_control_20260503.md,archive_remove_from_public,docs,115
docs/reports/archive/20260503/graduate_project_ref_target_mismatch_c_series_20260503.md,archive_remove_from_public,docs,96
docs/reports/archive/20260503/ptbxl_train2000_german_report_to_ecgtwin_prompts_20260503.md,archive_remove_from_public,docs,135
docs/reports/archive/20260504/auroc3_auprc7_center_token_ablation_20260504.md,archive_remove_from_public,docs,552
docs/reports/archive/20260517/crosslabel_lhat_ablation_20260517.md,archive_remove_from_public,docs,82
docs/reports/archive/20260517/real_anchor_lhat_seed_kfold_stability_20260517.md,archive_remove_from_public,docs,61
docs/reports/archive/20260518/cpsc_balanced_synth1000_compare_20260518.md,archive_remove_from_public,docs,50
docs/reports/archive/20260518/fourway_lhat_nogate_rerun_20260518.md,archive_remove_from_public,docs,101
docs/reports/archive/20260518/recent_experiment_report_for_advisor_20260518.html,archive_remove_from_public,docs,0
docs/reports/archive/20260518/recent_experiment_report_for_advisor_20260518.md,archive_remove_from_public,docs,343
docs/reports/archive/20260518/vae_only_lhat_kcurve_20260518.md,archive_remove_from_public,docs,108
docs/reports/archive/20260521/ecgfounder_zeroshot_vs_vae_online_at_20260521.md,archive_remove_from_public,docs,68
docs/reports/archive/20260521/super5_mapping_audit_20260521.md,archive_remove_from_public,docs,217
docs/reports/archive/20260522/autodltmp_disk_review_20260522.md,archive_remove_from_public,docs,73
docs/reports/archive/20260522/ecgfounder_linear_probe_aligned_seed42_20260522.md,archive_remove_from_public,docs,106
docs/reports/archive/20260522/ecgfounder_preprocessing_alignment_strategy_20260522.html,archive_remove_from_public,docs,0
docs/reports/archive/20260522/ecgfounder_super5_mapping_strategy_20260522.html,archive_remove_from_public,docs,0
docs/reports/archive/20260522/label_mapping_strategy_improvement_20260522.html,archive_remove_from_public,docs,0
docs/reports/archive/20260522/multibackbone_vae_only_lhat_report_20260522.md,archive_remove_from_public,docs,109
docs/reports/archive/20260522/pn2021_super5_mapping_strategy_20260522.html,archive_remove_from_public,docs,0
docs/reports/archive/20260522/super5_mapping_deepresearch_20260522.md,archive_remove_from_public,docs,145
docs/reports/archive/20260522/vae_only_v5_allzero_eval_20260522.md,archive_remove_from_public,docs,51
docs/reports/archive/20260523/current_goal_review_20260523.md,archive_remove_from_public,docs,1397
docs/reports/archive/20260523/deepecg_super5_adaptation_plan_20260523.html,archive_remove_from_public,docs,0
docs/reports/archive/20260523/deepecg_wcr_augmix_lhat_plan_20260523.html,archive_remove_from_public,docs,0
docs/reports/archive/20260523/pn2021_to_ptbxl_super5_mapping_clinician_review_20260523.md,archive_remove_from_public,docs,259
docs/reports/archive/20260523/vae_lhat_augmix_adaptation_plan_20260523.html,archive_remove_from_public,docs,0
docs/reports/archive/20260523/vae_only_10h_progress_report_20260523.html,archive_remove_from_public,docs,0
docs/reports/archive/20260523/vae_only_24h_summary_20260523.html,archive_remove_from_public,docs,0
docs/reports/archive/20260524/ecgfounder_vae_online_at_v5_vs_k500_20260524.md,archive_remove_from_public,docs,124
docs/reports/archive/20260524/multibackbone_vae_only_lhat_v5_summary_20260524.md,archive_remove_from_public,docs,93
docs/reports/archive/20260524/pn2021_c_stress_v2_effnet_summary_20260524.md,archive_remove_from_public,docs,83
docs/reports/archive/20260525/vae_online_at_closing_summary_20260525.md,archive_remove_from_public,docs,158
docs/reports/archive/20260527/project_refactor_plan_20260527.html,archive_remove_from_public,docs,0
docs/reports/archive/20260527/project_refactor_yaml_config_plan_20260527.html,archive_remove_from_public,docs,0
docs/reports/archive/20260527/project_refactor_yaml_config_plan_20260527.md,archive_remove_from_public,docs,1102
docs/reports/archive/20260529/agent_operating_layer_refactor_review_20260529.html,archive_remove_from_public,docs,0
docs/reports/archive/20260529/current_mainline_method_guide_20260529.html,archive_remove_from_public,docs,0
docs/reports/archive/20260529/ecg_adv_codex_plugins_skills_report.html,archive_remove_from_public,docs,0
docs/reports/archive/20260605/ablation_summary_pn2021_pn2021c_vae_augmix_500hz_20260605.html,archive_remove_from_public,docs,0
docs/reports/archive/20260605/ecgfounder_augmix_vs_noaug_mainline_v7_k500_20260605.csv,archive_remove_from_public,docs,5
docs/reports/archive/20260605/ecgfounder_augmix_vs_noaug_mainline_v7_k500_20260605.md,archive_remove_from_public,docs,32
docs/reports/archive/20260605/ecgfounder_direct_source_drop_all_zero_reeval_20260605.csv,archive_remove_from_public,docs,5
docs/reports/archive/20260605/mainline_v7_k500_4gpu_direct_vs_vae_summary.csv,archive_remove_from_public,docs,6
docs/reports/archive/20260605/mainline_v7_k500_4gpu_per_center_direct_vs_vae_delta.csv,archive_remove_from_public,docs,21
docs/reports/archive/20260605/mainline_v7_k500_4gpu_per_center_metrics.csv,archive_remove_from_public,docs,41
docs/reports/archive/20260605/mainline_v7_k500_4gpu_results_summary.md,archive_remove_from_public,docs,63
docs/reports/archive/20260605/pn2021_clean_drop_all_zero_direct_vae_augmix_mean_20260605.csv,archive_remove_from_public,docs,21
docs/reports/archive/20260605/pn2021_clean_drop_all_zero_direct_vae_augmix_per_center_20260605.csv,archive_remove_from_public,docs,69
docs/reports/archive/20260605/pn2021_clean_drop_all_zero_effective_counts_20260605.csv,archive_remove_from_public,docs,6
docs/reports/archive/20260605/pn2021_clean_pn2021c_direct_vae_augmix_ablation_20260605.html,archive_remove_from_public,docs,0
docs/reports/archive/20260605/pn2021_clean_pn2021c_direct_vae_augmix_ablation_completed_20260605.html,archive_remove_from_public,docs,0
docs/reports/archive/20260605/pn2021_clean_pn2021c_direct_vae_augmix_ablation_completed_mean_20260605.csv,archive_remove_from_public,docs,31
docs/reports/archive/20260605/pn2021_clean_pn2021c_direct_vae_augmix_ablation_completed_per_center_20260605.csv,archive_remove_from_public,docs,121
docs/reports/archive/20260605/pn2021_clean_pn2021c_direct_vae_augmix_ablation_completed_wide_20260605.csv,archive_remove_from_public,docs,6
docs/reports/archive/20260605/pn2021_clean_pn2021c_direct_vae_augmix_source_compare_mean_20260605.csv,archive_remove_from_public,docs,35
docs/reports/archive/20260605/pn2021_clean_pn2021c_direct_vae_augmix_source_compare_per_center_20260605.csv,archive_remove_from_public,docs,137
docs/reports/archive/20260605/pn2021_clean_pn2021c_direct_vae_augmix_source_compare_wide_20260605.csv,archive_remove_from_public,docs,11
docs/reports/archive/20260605/pn2021_clean_pn2021c_model_params_method_gain_20260605.csv,archive_remove_from_public,docs,6
docs/reports/archive/20260605/pn2021c_direct_vs_vae_augmix_requested_models_20260605.md,archive_remove_from_public,docs,66
docs/reports/archive/20260605/pn2021c_drop_all_zero_direct_vae_augmix_mean_20260605.csv,archive_remove_from_public,docs,21
docs/reports/archive/20260605/pn2021c_drop_all_zero_direct_vae_augmix_per_center_20260605.csv,archive_remove_from_public,docs,69
docs/reports/archive/20260605/pn2021c_drop_all_zero_direct_vae_augmix_wide_20260605.csv,archive_remove_from_public,docs,6
docs/reports/archive/20260605/pn2021c_dropallzero_eval_logs_20260605/ECGFounder_direct_chapman_shaoxing.log,archive_remove_from_public,docs,0
docs/reports/archive/20260605/pn2021c_dropallzero_eval_logs_20260605/ECGFounder_direct_cpsc_2018.log,archive_remove_from_public,docs,0
docs/reports/archive/20260605/pn2021c_dropallzero_eval_logs_20260605/ECGFounder_direct_georgia.log,archive_remove_from_public,docs,0
docs/reports/archive/20260605/pn2021c_dropallzero_eval_logs_20260605/ECGFounder_direct_ningbo.log,archive_remove_from_public,docs,0
docs/reports/archive/20260605/pn2021c_dropallzero_eval_logs_20260605/ECGFounder_source_ptbxl_chapman_shaoxing.log,archive_remove_from_public,docs,0
docs/reports/archive/20260605/pn2021c_dropallzero_eval_logs_20260605/ECGFounder_source_ptbxl_cpsc_2018.log,archive_remove_from_public,docs,0
docs/reports/archive/20260605/pn2021c_dropallzero_eval_logs_20260605/ECGFounder_source_ptbxl_georgia.log,archive_remove_from_public,docs,0
docs/reports/archive/20260605/pn2021c_dropallzero_eval_logs_20260605/ECGFounder_source_ptbxl_ningbo.log,archive_remove_from_public,docs,0
docs/reports/archive/20260605/pn2021c_dropallzero_eval_logs_20260605/ECGFounder_vae_augmix_chapman_shaoxing.log,archive_remove_from_public,docs,0
docs/reports/archive/20260605/pn2021c_dropallzero_eval_logs_20260605/ECGFounder_vae_augmix_cpsc_2018.log,archive_remove_from_public,docs,0
docs/reports/archive/20260605/pn2021c_dropallzero_eval_logs_20260605/ECGFounder_vae_augmix_georgia.log,archive_remove_from_public,docs,0
docs/reports/archive/20260605/pn2021c_dropallzero_eval_logs_20260605/ECGFounder_vae_augmix_ningbo.log,archive_remove_from_public,docs,0
docs/reports/archive/20260605/pn2021c_dropallzero_eval_logs_20260605/ECGFounder_vae_noaug_chapman_shaoxing.log,archive_remove_from_public,docs,0
docs/reports/archive/20260605/pn2021c_dropallzero_eval_logs_20260605/ECGFounder_vae_noaug_cpsc_2018.log,archive_remove_from_public,docs,0
docs/reports/archive/20260605/pn2021c_dropallzero_eval_logs_20260605/ECGFounder_vae_noaug_georgia.log,archive_remove_from_public,docs,0
docs/reports/archive/20260605/pn2021c_dropallzero_eval_logs_20260605/ECGFounder_vae_noaug_ningbo.log,archive_remove_from_public,docs,0
docs/reports/archive/20260605/pn2021c_dropallzero_eval_logs_20260605/EfficientNet1DV2_direct_chapman_shaoxing.log,archive_remove_from_public,docs,0
docs/reports/archive/20260605/pn2021c_dropallzero_eval_logs_20260605/EfficientNet1DV2_direct_cpsc_2018.log,archive_remove_from_public,docs,0
docs/reports/archive/20260605/pn2021c_dropallzero_eval_logs_20260605/EfficientNet1DV2_direct_georgia.log,archive_remove_from_public,docs,0
docs/reports/archive/20260605/pn2021c_dropallzero_eval_logs_20260605/EfficientNet1DV2_direct_ningbo.log,archive_remove_from_public,docs,0
docs/reports/archive/20260605/pn2021c_dropallzero_eval_logs_20260605/EfficientNet1DV2_source_ptbxl_chapman_shaoxing.log,archive_remove_from_public,docs,0
docs/reports/archive/20260605/pn2021c_dropallzero_eval_logs_20260605/EfficientNet1DV2_source_ptbxl_cpsc_2018.log,archive_remove_from_public,docs,0
docs/reports/archive/20260605/pn2021c_dropallzero_eval_logs_20260605/EfficientNet1DV2_source_ptbxl_georgia.log,archive_remove_from_public,docs,0
docs/reports/archive/20260605/pn2021c_dropallzero_eval_logs_20260605/EfficientNet1DV2_source_ptbxl_ningbo.log,archive_remove_from_public,docs,0
docs/reports/archive/20260605/pn2021c_dropallzero_eval_logs_20260605/EfficientNet1DV2_vae_augmix_chapman_shaoxing.log,archive_remove_from_public,docs,0
docs/reports/archive/20260605/pn2021c_dropallzero_eval_logs_20260605/EfficientNet1DV2_vae_augmix_cpsc_2018.log,archive_remove_from_public,docs,0
docs/reports/archive/20260605/pn2021c_dropallzero_eval_logs_20260605/EfficientNet1DV2_vae_augmix_georgia.log,archive_remove_from_public,docs,0
docs/reports/archive/20260605/pn2021c_dropallzero_eval_logs_20260605/EfficientNet1DV2_vae_augmix_ningbo.log,archive_remove_from_public,docs,0
docs/reports/archive/20260605/pn2021c_dropallzero_eval_logs_20260605/EfficientNet1DV2_vae_noaug_chapman_shaoxing.log,archive_remove_from_public,docs,0
docs/reports/archive/20260605/pn2021c_dropallzero_eval_logs_20260605/EfficientNet1DV2_vae_noaug_cpsc_2018.log,archive_remove_from_public,docs,0
docs/reports/archive/20260605/pn2021c_dropallzero_eval_logs_20260605/EfficientNet1DV2_vae_noaug_georgia.log,archive_remove_from_public,docs,0
docs/reports/archive/20260605/pn2021c_dropallzero_eval_logs_20260605/EfficientNet1DV2_vae_noaug_ningbo.log,archive_remove_from_public,docs,0
docs/reports/archive/20260605/pn2021c_dropallzero_eval_logs_20260605/FCN-Wang_direct_chapman_shaoxing.log,archive_remove_from_public,docs,0
docs/reports/archive/20260605/pn2021c_dropallzero_eval_logs_20260605/FCN-Wang_direct_cpsc_2018.log,archive_remove_from_public,docs,0
docs/reports/archive/20260605/pn2021c_dropallzero_eval_logs_20260605/FCN-Wang_direct_georgia.log,archive_remove_from_public,docs,0
docs/reports/archive/20260605/pn2021c_dropallzero_eval_logs_20260605/FCN-Wang_direct_ningbo.log,archive_remove_from_public,docs,0
docs/reports/archive/20260605/pn2021c_dropallzero_eval_logs_20260605/FCN-Wang_vae_augmix_chapman_shaoxing.log,archive_remove_from_public,docs,0
docs/reports/archive/20260605/pn2021c_dropallzero_eval_logs_20260605/FCN-Wang_vae_augmix_cpsc_2018.log,archive_remove_from_public,docs,0
docs/reports/archive/20260605/pn2021c_dropallzero_eval_logs_20260605/FCN-Wang_vae_augmix_georgia.log,archive_remove_from_public,docs,0
docs/reports/archive/20260605/pn2021c_dropallzero_eval_logs_20260605/FCN-Wang_vae_augmix_ningbo.log,archive_remove_from_public,docs,0
docs/reports/archive/20260605/pn2021c_dropallzero_eval_logs_20260605/FCN-Wang_vae_noaug_chapman_shaoxing.log,archive_remove_from_public,docs,0
docs/reports/archive/20260605/pn2021c_dropallzero_eval_logs_20260605/FCN-Wang_vae_noaug_cpsc_2018.log,archive_remove_from_public,docs,0
docs/reports/archive/20260605/pn2021c_dropallzero_eval_logs_20260605/FCN-Wang_vae_noaug_georgia.log,archive_remove_from_public,docs,0
docs/reports/archive/20260605/pn2021c_dropallzero_eval_logs_20260605/FCN-Wang_vae_noaug_ningbo.log,archive_remove_from_public,docs,0
docs/reports/archive/20260605/pn2021c_dropallzero_eval_logs_20260605/Inception1D_direct_chapman_shaoxing.log,archive_remove_from_public,docs,0
docs/reports/archive/20260605/pn2021c_dropallzero_eval_logs_20260605/Inception1D_direct_cpsc_2018.log,archive_remove_from_public,docs,0
docs/reports/archive/20260605/pn2021c_dropallzero_eval_logs_20260605/Inception1D_direct_georgia.log,archive_remove_from_public,docs,0
docs/reports/archive/20260605/pn2021c_dropallzero_eval_logs_20260605/Inception1D_direct_ningbo.log,archive_remove_from_public,docs,0
docs/reports/archive/20260605/pn2021c_dropallzero_eval_logs_20260605/Inception1D_vae_augmix_chapman_shaoxing.log,archive_remove_from_public,docs,0
docs/reports/archive/20260605/pn2021c_dropallzero_eval_logs_20260605/Inception1D_vae_augmix_cpsc_2018.log,archive_remove_from_public,docs,0
docs/reports/archive/20260605/pn2021c_dropallzero_eval_logs_20260605/Inception1D_vae_augmix_georgia.log,archive_remove_from_public,docs,0
docs/reports/archive/20260605/pn2021c_dropallzero_eval_logs_20260605/Inception1D_vae_augmix_ningbo.log,archive_remove_from_public,docs,0
docs/reports/archive/20260605/pn2021c_dropallzero_eval_logs_20260605/Inception1D_vae_noaug_chapman_shaoxing.log,archive_remove_from_public,docs,0
docs/reports/archive/20260605/pn2021c_dropallzero_eval_logs_20260605/Inception1D_vae_noaug_cpsc_2018.log,archive_remove_from_public,docs,0
docs/reports/archive/20260605/pn2021c_dropallzero_eval_logs_20260605/Inception1D_vae_noaug_georgia.log,archive_remove_from_public,docs,0
docs/reports/archive/20260605/pn2021c_dropallzero_eval_logs_20260605/Inception1D_vae_noaug_ningbo.log,archive_remove_from_public,docs,0
docs/reports/archive/20260605/pn2021c_dropallzero_eval_logs_20260605/ResNet1D-Wang_direct_chapman_shaoxing.log,archive_remove_from_public,docs,0
docs/reports/archive/20260605/pn2021c_dropallzero_eval_logs_20260605/ResNet1D-Wang_direct_cpsc_2018.log,archive_remove_from_public,docs,0
docs/reports/archive/20260605/pn2021c_dropallzero_eval_logs_20260605/ResNet1D-Wang_direct_georgia.log,archive_remove_from_public,docs,0
docs/reports/archive/20260605/pn2021c_dropallzero_eval_logs_20260605/ResNet1D-Wang_direct_ningbo.log,archive_remove_from_public,docs,0
docs/reports/archive/20260605/pn2021c_dropallzero_eval_logs_20260605/ResNet1D-Wang_vae_augmix_chapman_shaoxing.log,archive_remove_from_public,docs,0
docs/reports/archive/20260605/pn2021c_dropallzero_eval_logs_20260605/ResNet1D-Wang_vae_augmix_cpsc_2018.log,archive_remove_from_public,docs,0
docs/reports/archive/20260605/pn2021c_dropallzero_eval_logs_20260605/ResNet1D-Wang_vae_augmix_georgia.log,archive_remove_from_public,docs,0
docs/reports/archive/20260605/pn2021c_dropallzero_eval_logs_20260605/ResNet1D-Wang_vae_augmix_ningbo.log,archive_remove_from_public,docs,0
docs/reports/archive/20260605/pn2021c_dropallzero_eval_logs_20260605/ResNet1D-Wang_vae_noaug_chapman_shaoxing.log,archive_remove_from_public,docs,0
docs/reports/archive/20260605/pn2021c_dropallzero_eval_logs_20260605/ResNet1D-Wang_vae_noaug_cpsc_2018.log,archive_remove_from_public,docs,0
docs/reports/archive/20260605/pn2021c_dropallzero_eval_logs_20260605/ResNet1D-Wang_vae_noaug_georgia.log,archive_remove_from_public,docs,0
docs/reports/archive/20260605/pn2021c_dropallzero_eval_logs_20260605/ResNet1D-Wang_vae_noaug_ningbo.log,archive_remove_from_public,docs,0
docs/reports/archive/20260605/pn2021c_dropallzero_eval_manifest_20260605.json,archive_remove_from_public,docs,557
docs/reports/archive/20260605/tmp_smoke_pn2021c_dropallzero.json,archive_remove_from_public,docs,230
docs/reports/archive/20260613/mainline_manual_review_code_audit.html,archive_remove_from_public,docs,0
docs/reports/archive/20260615/ecgfounder_calibrated_10to20pp_pn2021c_per_op_20260615.csv,archive_remove_from_public,docs,16
docs/reports/archive/20260615/ecgfounder_calibrated_10to20pp_pn2021c_per_unit_20260615.csv,archive_remove_from_public,docs,61
docs/reports/archive/20260615/ecgfounder_calibrated_10to20pp_pn2021c_summary_20260615.csv,archive_remove_from_public,docs,4
docs/reports/archive/20260615/ecgfounder_calibrated_10to20pp_pn2021c_summary_20260615.md,archive_remove_from_public,docs,43
docs/reports/archive/20260615/ecgfounder_vae_augmix_pn2021c_recheck_20260615.csv,archive_remove_from_public,docs,10
docs/reports/archive/20260615/ecgfounder_vae_augmix_pn2021c_recheck_20260615.md,archive_remove_from_public,docs,48
docs/reports/archive/20260615/effnet_calibrated_latent_augmix_cpsc_20260615.csv,archive_remove_from_public,docs,5
docs/reports/archive/20260615/effnet_calibrated_latent_augmix_cpsc_20260615.md,archive_remove_from_public,docs,89
docs/reports/archive/20260615/effnet_direct_calibrated_10to20pp_cpsc_20260615.csv,archive_remove_from_public,docs,7
docs/reports/archive/20260615/effnet_latent_augmix_followup_cpsc_20260615.csv,archive_remove_from_public,docs,7
docs/reports/archive/20260615/effnet_latent_augmix_followup_cpsc_20260615.md,archive_remove_from_public,docs,73
docs/reports/archive/20260615/pn2021c_five_operator_visual_explainer_20260618.html,archive_remove_from_public,docs,0
docs/reports/archive/20260615/pn2021c_recent_experiment_report_20260615.html,archive_remove_from_public,docs,0
docs/reports/archive/20260616/pn2021c_augmix_gap_diagnostic_20260616.md,archive_remove_from_public,docs,2564
docs/reports/archive/20260618/pn2021c_dual_model_10to15pp_v1_confirmation.csv,archive_remove_from_public,docs,6
docs/reports/archive/20260618/pn2021c_dual_model_10to15pp_v1_confirmation.md,archive_remove_from_public,docs,12
docs/reports/archive/20260618/pn2021c_dual_model_10to15pp_v1_per_model_center_operator.csv,archive_remove_from_public,docs,41
docs/reports/archive/20260618/pn2021c_dual_model_10to15pp_v1_selection_report.md,archive_remove_from_public,docs,17
docs/reports/archive/20260618/pn2021c_dual_model_calibration_baseline_inventory_20260618.md,archive_remove_from_public,docs,65
docs/reports/archive/20260618/pn2021c_dual_model_goal_completion_audit_20260618.md,archive_remove_from_public,docs,119
docs/reports/archive/20260618/pn2021c_locked_official_s5_by_center_20260618.csv,archive_remove_from_public,docs,9
docs/reports/archive/20260618/pn2021c_locked_official_s5_by_operator_20260618.csv,archive_remove_from_public,docs,11
docs/reports/archive/20260618/pn2021c_locked_official_s5_overall_20260618.csv,archive_remove_from_public,docs,3
docs/reports/archive/20260618/pn2021c_locked_official_s5_protocol_trace_20260618.csv,archive_remove_from_public,docs,9
docs/reports/archive/20260618/pn2021c_locked_official_s5_rows_20260618.csv,archive_remove_from_public,docs,41
docs/reports/archive/20260618/pn2021c_locked_official_s5_summary_20260618.html,archive_remove_from_public,docs,0
docs/reports/archive/20260618/pn2021c_locked_official_s5_summary_20260618.md,archive_remove_from_public,docs,47
docs/reports/archive/20260618/pn2021c_realistic_hospital_v1_confirmation.csv,archive_remove_from_public,docs,6
docs/reports/archive/20260618/pn2021c_realistic_hospital_v1_confirmation.md,archive_remove_from_public,docs,13
docs/reports/archive/20260618/pn2021c_realistic_hospital_v1_selection_report.md,archive_remove_from_public,docs,17
docs/reports/archive/20260622/direct_single_operator_drop_effnet_ecgfounder_20260622.csv,archive_remove_from_public,docs,13
docs/reports/archive/20260622/pn2021c_current_results_and_composite_direct_fullft_20260622.html,archive_remove_from_public,docs,0
docs/reports/archive/20260622/pn2021c_effnet_ecgfounder_dataflow_pipeline_20260622.html,archive_remove_from_public,docs,0
docs/reports/archive/20260622/pn2021c_effnet_sota_tuning_handoff_20260622.md,archive_remove_from_public,docs,144
docs/reports/archive/20260701/native_rawfirst_ours_effectiveness_20260701.md,archive_remove_from_public,docs,41
docs/reports/archive/20260701/official_s5_depth23_ablation_status_20260701.md,archive_remove_from_public,docs,70
docs/reports/archive/20260701/recent_experiment_progress_visual_report_20260701.html,archive_remove_from_public,docs,0
docs/reports/archive/undated/advisor_center_token_ablation_summary.md,archive_remove_from_public,docs,75
docs/reports/archive/undated/graduate_project_method_a_vs_b_seed42.md,archive_remove_from_public,docs,205
docs/reports/archive/undated/method_cmp.md,archive_remove_from_public,docs,494
docs/reports/archive/undated/method_cmp_brief_report.html,archive_remove_from_public,docs,0
docs/reports/archive/undated/method_cmp_completion_audit.md,archive_remove_from_public,docs,55
docs/reports/archive/undated/method_cmp_four_center_results.html,archive_remove_from_public,docs,0
docs/reports/archive/undated/method_cmp_phase1_results.html,archive_remove_from_public,docs,0
methods/README.md,archive_remove_from_public,methods,16
methods/advdiff/README.md,archive_remove_from_public,methods,34
methods/augmix/README.md,archive_remove_from_public,methods,141
methods/augmix/__init__.py,archive_remove_from_public,methods,0
methods/augmix/augmix.py,archive_remove_from_public,methods,80
methods/augmix/dataset.py,archive_remove_from_public,methods,44
methods/augmix/ecg_ops.py,archive_remove_from_public,methods,260
methods/augmix/jsd_loss.py,archive_remove_from_public,methods,63
methods/augmix/latent_viz/README.md,archive_remove_from_public,methods,143
methods/augmix/latent_viz/__init__.py,archive_remove_from_public,methods,0
methods/augmix/latent_viz/config.yaml,archive_remove_from_public,methods,23
methods/augmix/latent_viz/latent_augmix.py,archive_remove_from_public,methods,294
methods/augmix/latent_viz/run_viz.py,archive_remove_from_public,methods,210
methods/augmix/latent_viz/tests/__init__.py,archive_remove_from_public,methods,0
methods/augmix/latent_viz/tests/test_smoke.py,archive_remove_from_public,methods,81
methods/augmix/severity.py,archive_remove_from_public,methods,112
methods/augmix/tests/__init__.py,archive_remove_from_public,methods,0
methods/augmix/tests/test_augmix.py,archive_remove_from_public,methods,64
methods/augmix/tests/test_jsd.py,archive_remove_from_public,methods,65
methods/augmix/tests/test_ops.py,archive_remove_from_public,methods,99
methods/ecgtwin_gen/README.md,archive_remove_from_public,methods,18
methods/ecgtwin_gen/center_token/__init__.py,archive_remove_from_public,methods,1
methods/ecgtwin_gen/center_token/config.yaml,archive_remove_from_public,methods,31
methods/ecgtwin_gen/center_token/config_v2.yaml,archive_remove_from_public,methods,24
methods/ecgtwin_gen/center_token/generate.py,archive_remove_from_public,methods,258
methods/ecgtwin_gen/center_token/model.py,archive_remove_from_public,methods,92
methods/ecgtwin_gen/center_token/trainer.py,archive_remove_from_public,methods,506
methods/ecgtwin_gen/center_token/trainer_v2.py,archive_remove_from_public,methods,475
methods/ecgtwin_gen/prompt_token/__init__.py,archive_remove_from_public,methods,5
methods/ecgtwin_gen/prompt_token/model.py,archive_remove_from_public,methods,207
methods/ecgtwin_gen/prompt_token/trainer.py,archive_remove_from_public,methods,1007
methods/ecgtwin_gen/style_translator/__init__.py,archive_remove_from_public,methods,6
methods/ecgtwin_gen/style_translator/config_stage0.yaml,archive_remove_from_public,methods,52
methods/ecgtwin_gen/style_translator/losses.py,archive_remove_from_public,methods,170
methods/ecgtwin_gen/style_translator/model.py,archive_remove_from_public,methods,198
methods/ecgtwin_gen/style_translator/prototype_encoder.py,archive_remove_from_public,methods,113
methods/ecgtwin_gen/style_translator/trainer.py,archive_remove_from_public,methods,500
sub_experiment/tsne_clustering_v1/README.md,archive_remove_from_public,sub_experiment,102
sub_experiment/tsne_clustering_v1/__init__.py,archive_remove_from_public,sub_experiment,0
sub_experiment/tsne_clustering_v1/analyze.py,archive_remove_from_public,sub_experiment,311
sub_experiment/tsne_clustering_v1/config.yaml,archive_remove_from_public,sub_experiment,36
sub_experiment/tsne_clustering_v1/data_loader.py,archive_remove_from_public,sub_experiment,201
sub_experiment/tsne_clustering_v1/embedders.py,archive_remove_from_public,sub_experiment,90
sub_experiment/tsne_clustering_v1/generation.py,archive_remove_from_public,sub_experiment,143
sub_experiment/tsne_clustering_v1/run_experiment.py,archive_remove_from_public,sub_experiment,197
sub_experiment/tsne_clustering_v1/tests/__init__.py,archive_remove_from_public,sub_experiment,0
sub_experiment/tsne_clustering_v1/tests/test_smoke.py,archive_remove_from_public,sub_experiment,85
trash/legacy_scripts_20260701/README.md,archive_remove_from_public,trash,12
trash/legacy_scripts_20260701/configs/experiments/benchmark_fcn_wang_direct_k500_v7_sjr_rgq_matrix.yaml,archive_remove_from_public,trash,28
trash/legacy_scripts_20260701/configs/experiments/benchmark_fcn_wang_vae_lhat_k500_v7_sjr_rgq.yaml,archive_remove_from_public,trash,30
trash/legacy_scripts_20260701/configs/experiments/benchmark_inception1d_direct_k500_v7_sjr_rgq_matrix.yaml,archive_remove_from_public,trash,28
trash/legacy_scripts_20260701/configs/experiments/benchmark_inception1d_vae_lhat_k500_v7_sjr_rgq.yaml,archive_remove_from_public,trash,30
trash/legacy_scripts_20260701/configs/experiments/benchmark_resnet1d_direct_k500_v7_sjr_rgq_matrix.yaml,archive_remove_from_public,trash,23
trash/legacy_scripts_20260701/configs/experiments/benchmark_resnet1d_direct_percent_v7_sjr_rgq_matrix.yaml,archive_remove_from_public,trash,49
trash/legacy_scripts_20260701/configs/experiments/benchmark_resnet1d_vae_lhat_k500_v7_sjr_rgq.yaml,archive_remove_from_public,trash,30
trash/legacy_scripts_20260701/configs/experiments/benchmark_source_v7_sjr_rgq_matrix.yaml,archive_remove_from_public,trash,54
trash/legacy_scripts_20260701/configs/experiments/ecgfounder_direct_k500_v6.yaml,archive_remove_from_public,trash,92
trash/legacy_scripts_20260701/configs/experiments/ecgfounder_direct_k500_v7_sjr_rgq_matrix.yaml,archive_remove_from_public,trash,32
trash/legacy_scripts_20260701/configs/experiments/ecgfounder_inithead_fullft_k500_v6.yaml,archive_remove_from_public,trash,105
trash/legacy_scripts_20260701/configs/experiments/ecgfounder_inithead_fullft_k500_v6_smoke.yaml,archive_remove_from_public,trash,62
trash/legacy_scripts_20260701/configs/experiments/ecgfounder_vae_lhat_k500_v6.yaml,archive_remove_from_public,trash,172
trash/legacy_scripts_20260701/configs/experiments/ecgfounder_vae_lhat_k500_v7_sjr_rgq.yaml,archive_remove_from_public,trash,177
trash/legacy_scripts_20260701/configs/experiments/ecgtwin_author_dit_repro.yaml,archive_remove_from_public,trash,85
trash/legacy_scripts_20260701/configs/experiments/ecgtwin_author_ibe_repro.yaml,archive_remove_from_public,trash,90
trash/legacy_scripts_20260701/configs/experiments/ecgtwin_prompt_token_gate_minimal.yaml,archive_remove_from_public,trash,70
trash/legacy_scripts_20260701/configs/experiments/ecgtwin_prompt_token_generate_minimal.yaml,archive_remove_from_public,trash,85
trash/legacy_scripts_20260701/configs/experiments/ecgtwin_prompt_token_online_at_minimal.yaml,archive_remove_from_public,trash,110
trash/legacy_scripts_20260701/configs/experiments/ecgtwin_prompt_token_online_at_minimal_pn2021_eval.yaml,archive_remove_from_public,trash,173
trash/legacy_scripts_20260701/configs/experiments/ecgtwin_prompt_token_train_minimal.yaml,archive_remove_from_public,trash,109
trash/legacy_scripts_20260701/configs/experiments/effnet_direct_k500_v6.yaml,archive_remove_from_public,trash,85
trash/legacy_scripts_20260701/configs/experiments/effnet_direct_k500_v6_smoke.yaml,archive_remove_from_public,trash,101
trash/legacy_scripts_20260701/configs/experiments/effnet_direct_k500_v7_sjr_rgq_matrix.yaml,archive_remove_from_public,trash,22
trash/legacy_scripts_20260701/configs/experiments/effnet_direct_percent_v7_sjr_rgq_matrix.yaml,archive_remove_from_public,trash,47
trash/legacy_scripts_20260701/configs/experiments/effnet_v7_sjr_rgq_subset_export.yaml,archive_remove_from_public,trash,20
trash/legacy_scripts_20260701/configs/experiments/effnet_vae_lhat_k500_v6.yaml,archive_remove_from_public,trash,105
trash/legacy_scripts_20260701/configs/experiments/effnet_vae_lhat_k500_v7_sjr_rgq.yaml,archive_remove_from_public,trash,111
trash/legacy_scripts_20260701/configs/experiments/effnet_vae_lhat_percent_v7_sjr_rgq.yaml,archive_remove_from_public,trash,155
trash/legacy_scripts_20260701/configs/experiments/pn2021_eval_v6_refexcluded.yaml,archive_remove_from_public,trash,159
trash/legacy_scripts_20260701/configs/experiments/pn2021_eval_v6_refexcluded_smoke.yaml,archive_remove_from_public,trash,87
trash/legacy_scripts_20260701/configs/experiments/pn2021c_effnet_v7_augmix_vs_noaug.yaml,archive_remove_from_public,trash,69
trash/legacy_scripts_20260701/scripts/agent/eval_supervisor_c110_fourcenter_20260624.py,archive_remove_from_public,trash,313
trash/legacy_scripts_20260701/scripts/agent/eval_supervisor_c111_c115_cpsc_georgia_20260624.py,archive_remove_from_public,trash,404
trash/legacy_scripts_20260701/scripts/agent/eval_supervisor_c112_fourcenter_20260624.py,archive_remove_from_public,trash,386
trash/legacy_scripts_20260701/scripts/agent/eval_supervisor_c114_c115_retry_threads8_20260624.py,archive_remove_from_public,trash,68
trash/legacy_scripts_20260701/scripts/agent/eval_supervisor_c117_fourcenter_20260624.py,archive_remove_from_public,trash,384
trash/legacy_scripts_20260701/scripts/agent/eval_supervisor_ecgfounder_c110_fourcenter_20260624.py,archive_remove_from_public,trash,313
trash/legacy_scripts_20260701/scripts/agent/summarize_official_s5_composite_recovery.py,archive_remove_from_public,trash,265
trash/legacy_scripts_20260701/scripts/agent/watch_ecgfounder_cand93_pn2021c_after_matched_20260622.sh,archive_remove_from_public,trash,48
trash/legacy_scripts_20260701/scripts/agent/watch_effnet_cand93_recovery_20260622.py,archive_remove_from_public,trash,253
trash/legacy_scripts_20260701/scripts/agent/watch_effnet_cand94_accel6g_20260622.py,archive_remove_from_public,trash,462
trash/legacy_scripts_20260701/scripts/agent/watch_effnet_cand94_percenter_4g_20260622.py,archive_remove_from_public,trash,394
trash/legacy_scripts_20260701/scripts/agent/watch_effnet_cand94_postcand93_4g_20260622.py,archive_remove_from_public,trash,382
trash/legacy_scripts_20260701/scripts/agent/watch_effnet_cand94_recovery_20260622.py,archive_remove_from_public,trash,198
trash/legacy_scripts_20260701/scripts/agent/watch_effnet_cand95_maskheavy_pilots_20260622.py,archive_remove_from_public,trash,179
trash/legacy_scripts_20260701/scripts/agent/watch_effnet_cand95_maskheavy_restart1_6gpu_20260622.py,archive_remove_from_public,trash,198
trash/legacy_scripts_20260701/scripts/agent/watch_effnet_cand96_after_cand94_4g_20260622.py,archive_remove_from_public,trash,448
trash/legacy_scripts_20260701/scripts/agent/watch_effnet_cand97_fixedm085_4g_20260622.py,archive_remove_from_public,trash,350
trash/legacy_scripts_20260701/scripts/agent/watch_effnet_cand98_fixedm100_after_cand97_4g_20260622.py,archive_remove_from_public,trash,225
trash/legacy_scripts_20260701/scripts/augmix_adv_combo/compare.py,archive_remove_from_public,trash,299
trash/legacy_scripts_20260701/scripts/augmix_adv_combo/gen_adv_buffer.py,archive_remove_from_public,trash,263
trash/legacy_scripts_20260701/scripts/augmix_adv_combo/viz_adv_buffer.py,archive_remove_from_public,trash,97
trash/legacy_scripts_20260701/scripts/augmix_validation/compare_baseline.py,archive_remove_from_public,trash,287
trash/legacy_scripts_20260701/scripts/augmix_validation/latent_smoke.py,archive_remove_from_public,trash,135
trash/legacy_scripts_20260701/scripts/augmix_validation/quick_sanity.py,archive_remove_from_public,trash,142
trash/legacy_scripts_20260701/scripts/crosscenter_tierM/README.md,archive_remove_from_public,trash,146
trash/legacy_scripts_20260701/scripts/crosscenter_tierM/build_mimic_cache.py,archive_remove_from_public,trash,260
trash/legacy_scripts_20260701/scripts/crosscenter_tierM/eval_crosscenter_mimic_tierM.py,archive_remove_from_public,trash,290
trash/legacy_scripts_20260701/scripts/crosscenter_tierM/offline_adv_train_tierM.py,archive_remove_from_public,trash,404
trash/legacy_scripts_20260701/scripts/crosscenter_tierM/train_mimic_tierM.py,archive_remove_from_public,trash,409
trash/legacy_scripts_20260701/scripts/crosscenter_tierM/train_ptbxl_tierM.py,archive_remove_from_public,trash,542
trash/legacy_scripts_20260701/scripts/crosscenter_v1/eval_crosscenter.py,archive_remove_from_public,trash,366
trash/legacy_scripts_20260701/scripts/crosscenter_v2/README.md,archive_remove_from_public,trash,68
trash/legacy_scripts_20260701/scripts/crosscenter_v2/__init__.py,archive_remove_from_public,trash,0
trash/legacy_scripts_20260701/scripts/crosscenter_v2/build_gap_report.py,archive_remove_from_public,trash,185
trash/legacy_scripts_20260701/scripts/crosscenter_v2/eval_crosscenter_v2.py,archive_remove_from_public,trash,349
trash/legacy_scripts_20260701/scripts/crosscenter_v2/eval_mimic_zeroshot.py,archive_remove_from_public,trash,295
trash/legacy_scripts_20260701/scripts/crosscenter_v2/preprocess_utils.py,archive_remove_from_public,trash,32
trash/legacy_scripts_20260701/scripts/crosscenter_v2/train_ptbxl_v2.py,archive_remove_from_public,trash,406
trash/legacy_scripts_20260701/scripts/deploy/benchmark_inference_backends.py,archive_remove_from_public,trash,95
trash/legacy_scripts_20260701/scripts/deploy/build_tensorrt_engine.py,archive_remove_from_public,trash,58
trash/legacy_scripts_20260701/scripts/deploy/export_efficientnetv2_onnx.py,archive_remove_from_public,trash,72
trash/legacy_scripts_20260701/scripts/ecgtwin_author_repro/run_author_repro_pipeline.sh,archive_remove_from_public,trash,40
trash/legacy_scripts_20260701/scripts/ecgtwin_author_repro/train_dit_repro.py,archive_remove_from_public,trash,465
trash/legacy_scripts_20260701/scripts/ecgtwin_author_repro/train_ibe_repro.py,archive_remove_from_public,trash,409
trash/legacy_scripts_20260701/scripts/ecgtwin_gen/build_prompt_jsonl_text_embed_cache.py,archive_remove_from_public,trash,82
trash/legacy_scripts_20260701/scripts/ecgtwin_gen/build_prompt_token_latent_cache.py,archive_remove_from_public,trash,271
trash/legacy_scripts_20260701/scripts/ecgtwin_gen/build_ptbxl_prompt_token_cache.py,archive_remove_from_public,trash,249
trash/legacy_scripts_20260701/scripts/ecgtwin_gen/compare_4way.py,archive_remove_from_public,trash,185
trash/legacy_scripts_20260701/scripts/ecgtwin_gen/compare_style_ablation.py,archive_remove_from_public,trash,186
trash/legacy_scripts_20260701/scripts/ecgtwin_gen/compose_prompt_token_bank_by_class.py,archive_remove_from_public,trash,95
trash/legacy_scripts_20260701/scripts/ecgtwin_gen/digital_gt_validate.py,archive_remove_from_public,trash,310
trash/legacy_scripts_20260701/scripts/ecgtwin_gen/enroll_new_center.py,archive_remove_from_public,trash,128
trash/legacy_scripts_20260701/scripts/ecgtwin_gen/eval_style_classifier_on_synth.py,archive_remove_from_public,trash,177
trash/legacy_scripts_20260701/scripts/ecgtwin_gen/eval_super5_synth_quality.py,archive_remove_from_public,trash,190
trash/legacy_scripts_20260701/scripts/ecgtwin_gen/export_prompt_token_diagnostics.py,archive_remove_from_public,trash,273
trash/legacy_scripts_20260701/scripts/ecgtwin_gen/export_selected_center_latents.py,archive_remove_from_public,trash,139
trash/legacy_scripts_20260701/scripts/ecgtwin_gen/gate_prompt_token_synth.py,archive_remove_from_public,trash,324
trash/legacy_scripts_20260701/scripts/ecgtwin_gen/generate_center_prompt_token_synth.py,archive_remove_from_public,trash,270
trash/legacy_scripts_20260701/scripts/ecgtwin_gen/generate_center_prompt_token_synth_batched.py,archive_remove_from_public,trash,412
trash/legacy_scripts_20260701/scripts/ecgtwin_gen/generate_center_synth.py,archive_remove_from_public,trash,346
trash/legacy_scripts_20260701/scripts/ecgtwin_gen/generate_with_style_translator.py,archive_remove_from_public,trash,166
trash/legacy_scripts_20260701/scripts/ecgtwin_gen/merge_latent_pools.py,archive_remove_from_public,trash,161
trash/legacy_scripts_20260701/scripts/ecgtwin_gen/prep_center_dataset.py,archive_remove_from_public,trash,228
trash/legacy_scripts_20260701/scripts/ecgtwin_gen/prep_center_dataset_super5.py,archive_remove_from_public,trash,366
trash/legacy_scripts_20260701/scripts/ecgtwin_gen/prep_multicenter_dataset.py,archive_remove_from_public,trash,218
trash/legacy_scripts_20260701/scripts/ecgtwin_gen/prep_ptbxl_super5_ref_subset.py,archive_remove_from_public,trash,168
trash/legacy_scripts_20260701/scripts/ecgtwin_gen/quality_ref_selection.py,archive_remove_from_public,trash,247
trash/legacy_scripts_20260701/scripts/ecgtwin_gen/run_bigcenter_prompt_token_boundary_at_v1.sh,archive_remove_from_public,trash,108
trash/legacy_scripts_20260701/scripts/ecgtwin_gen/run_center_token_effectiveness_pilot_20260503.sh,archive_remove_from_public,trash,234
trash/legacy_scripts_20260701/scripts/ecgtwin_gen/run_center_token_regen_20260503.sh,archive_remove_from_public,trash,90
trash/legacy_scripts_20260701/scripts/ecgtwin_gen/run_center_token_v41_style_semantic_20260503.sh,archive_remove_from_public,trash,75
trash/legacy_scripts_20260701/scripts/ecgtwin_gen/run_center_token_v42_noleak_style_semantic_20260503.sh,archive_remove_from_public,trash,82
trash/legacy_scripts_20260701/scripts/ecgtwin_gen/run_georgia_prompt_token_v35_sttc_boost.sh,archive_remove_from_public,trash,66
trash/legacy_scripts_20260701/scripts/ecgtwin_gen/run_multicenter_prompt_token_v32.sh,archive_remove_from_public,trash,52
trash/legacy_scripts_20260701/scripts/ecgtwin_gen/run_multicenter_prompt_token_v33_boost.sh,archive_remove_from_public,trash,69
trash/legacy_scripts_20260701/scripts/ecgtwin_gen/run_multicenter_prompt_token_v36_online_at.sh,archive_remove_from_public,trash,73
trash/legacy_scripts_20260701/scripts/ecgtwin_gen/run_prompt_token_c2st_proxy.py,archive_remove_from_public,trash,146
trash/legacy_scripts_20260701/scripts/ecgtwin_gen/run_prompt_token_noleak_style_validation.py,archive_remove_from_public,trash,529
trash/legacy_scripts_20260701/scripts/ecgtwin_gen/run_ptbxl_prompt_token_boundary_at_v1.sh,archive_remove_from_public,trash,123
trash/legacy_scripts_20260701/scripts/ecgtwin_gen/run_train_ct_v2_3centers.sh,archive_remove_from_public,trash,52
trash/legacy_scripts_20260701/scripts/ecgtwin_gen/sanity_super5_authorprompt.py,archive_remove_from_public,trash,213
trash/legacy_scripts_20260701/scripts/ecgtwin_gen/sanity_super5_centertoken.py,archive_remove_from_public,trash,258
trash/legacy_scripts_20260701/scripts/ecgtwin_gen/sanity_super5_centertoken_v2.py,archive_remove_from_public,trash,527
trash/legacy_scripts_20260701/scripts/ecgtwin_gen/sanity_super5_dump_tensors.py,archive_remove_from_public,trash,157
trash/legacy_scripts_20260701/scripts/ecgtwin_gen/sanity_super5_generation.py,archive_remove_from_public,trash,213
trash/legacy_scripts_20260701/scripts/ecgtwin_gen/sanity_super5_matched_ref.py,archive_remove_from_public,trash,229
trash/legacy_scripts_20260701/scripts/ecgtwin_gen/score_prompt_token_style_probe.py,archive_remove_from_public,trash,204
trash/legacy_scripts_20260701/scripts/ecgtwin_gen/select_mixed_prompt_token_pool.py,archive_remove_from_public,trash,288
trash/legacy_scripts_20260701/scripts/ecgtwin_gen/select_paired_token_delta_pool.py,archive_remove_from_public,trash,276
trash/legacy_scripts_20260701/scripts/ecgtwin_gen/select_style_aware_prompt_token_pool.py,archive_remove_from_public,trash,412
trash/legacy_scripts_20260701/scripts/ecgtwin_gen/super5_text_embeds.py,archive_remove_from_public,trash,184
trash/legacy_scripts_20260701/scripts/ecgtwin_gen/train_center_prompt_tokens.py,archive_remove_from_public,trash,193
trash/legacy_scripts_20260701/scripts/ecgtwin_gen/train_center_token.py,archive_remove_from_public,trash,51
trash/legacy_scripts_20260701/scripts/ecgtwin_gen/train_center_token_v2.py,archive_remove_from_public,trash,102
trash/legacy_scripts_20260701/scripts/ecgtwin_gen/train_noleak_center_style_aux_classifier.py,archive_remove_from_public,trash,374
trash/legacy_scripts_20260701/scripts/ecgtwin_gen/train_per_center_style_classifier.py,archive_remove_from_public,trash,363
trash/legacy_scripts_20260701/scripts/ecgtwin_gen/translate_ptbxl_reports_to_ecgtwin_prompts.py,archive_remove_from_public,trash,343
trash/legacy_scripts_20260701/scripts/final_round/run_medical_validity_ablation.py,archive_remove_from_public,trash,177
trash/legacy_scripts_20260701/scripts/online_vs_offline/compare.py,archive_remove_from_public,trash,288
trash/legacy_scripts_20260701/scripts/online_vs_offline/diagnose_adv_samples.py,archive_remove_from_public,trash,256
trash/legacy_scripts_20260701/scripts/paper/eval_ecgfounder_fullft_score_selector_20260525.py,archive_remove_from_public,trash,478
trash/legacy_scripts_20260701/scripts/paper/eval_ecgfounder_k500val_multicandidate_selector_20260525.py,archive_remove_from_public,trash,581
trash/legacy_scripts_20260701/scripts/paper/eval_ecgfounder_k500val_score_blend_20260524.py,archive_remove_from_public,trash,347
trash/legacy_scripts_20260701/scripts/paper/eval_ecgfounder_k500val_trihead_blend_20260524.py,archive_remove_from_public,trash,387
trash/legacy_scripts_20260701/scripts/paper/eval_ecgfounder_score_blend_20260524.py,archive_remove_from_public,trash,392
trash/legacy_scripts_20260701/scripts/paper/eval_ecgfounder_super5_zero_shot_20260517.py,archive_remove_from_public,trash,634
trash/legacy_scripts_20260701/scripts/paper/eval_effnet_k500val_classwise_blend_20260524.py,archive_remove_from_public,trash,337
trash/legacy_scripts_20260701/scripts/paper/eval_effnet_k500val_multicandidate_selector_20260525.py,archive_remove_from_public,trash,422
trash/legacy_scripts_20260701/scripts/paper/eval_effnet_score_blend_20260524.py,archive_remove_from_public,trash,301
trash/legacy_scripts_20260701/scripts/paper/eval_effnet_v7_pn2021c_augmix_vs_noaug_20260530.py,archive_remove_from_public,trash,428
trash/legacy_scripts_20260701/scripts/paper/eval_vae_only_v5_allzero_views_20260522.py,archive_remove_from_public,trash,290
trash/legacy_scripts_20260701/scripts/paper/materialize_pn2021_raw1000_kshot.py,archive_remove_from_public,trash,90
trash/legacy_scripts_20260701/scripts/paper/reevaluate_ecgfounder_head_run_20260523.py,archive_remove_from_public,trash,216
trash/legacy_scripts_20260701/scripts/paper/relabel_ecgfounder_feature_cache_super5_v5_20260524.py,archive_remove_from_public,trash,162
trash/legacy_scripts_20260701/scripts/paper/relabel_pn2021_kshot_super5.py,archive_remove_from_public,trash,268
trash/legacy_scripts_20260701/scripts/paper/run_adabn_k500_20260517.py,archive_remove_from_public,trash,329
trash/legacy_scripts_20260701/scripts/paper/run_benchmark_backbone_v7_kshot_matrix_20260530.py,archive_remove_from_public,trash,756
trash/legacy_scripts_20260701/scripts/paper/run_cdan_k500_20260517.py,archive_remove_from_public,trash,457
trash/legacy_scripts_20260701/scripts/paper/run_cotta_lite_baseline_20260517.py,archive_remove_from_public,trash,359
trash/legacy_scripts_20260701/scripts/paper/run_crosslabel_lhat_ablation_20260517.py,archive_remove_from_public,trash,312
trash/legacy_scripts_20260701/scripts/paper/run_dann_k500_20260517.py,archive_remove_from_public,trash,443
trash/legacy_scripts_20260701/scripts/paper/run_deep_coral_k500_20260517.py,archive_remove_from_public,trash,542
trash/legacy_scripts_20260701/scripts/paper/run_direct_finetune_k500_20260516.py,archive_remove_from_public,trash,483
trash/legacy_scripts_20260701/scripts/paper/run_eata_lite_baseline_20260517.py,archive_remove_from_public,trash,314
trash/legacy_scripts_20260701/scripts/paper/run_ecgfm_kshot_head_ft_20260517.py,archive_remove_from_public,trash,326
trash/legacy_scripts_20260701/scripts/paper/run_ecgfm_linear_probe_super5_20260517.py,archive_remove_from_public,trash,467
trash/legacy_scripts_20260701/scripts/paper/run_ecgfounder_fullft_super5_pilot_20260523.py,archive_remove_from_public,trash,3088
trash/legacy_scripts_20260701/scripts/paper/run_ecgfounder_kshot_head_ft_20260517.py,archive_remove_from_public,trash,345
trash/legacy_scripts_20260701/scripts/paper/run_ecgfounder_linear_probe_super5_20260517.py,archive_remove_from_public,trash,591
trash/legacy_scripts_20260701/scripts/paper/run_ecgfounder_v7_multiseed_kshot_matrix_20260530.py,archive_remove_from_public,trash,538
trash/legacy_scripts_20260701/scripts/paper/run_ecgfounder_vae_only_lhat_head_ft_20260523.py,archive_remove_from_public,trash,2387
trash/legacy_scripts_20260701/scripts/paper/run_effnet_adapter_vae_pilot_20260523.py,archive_remove_from_public,trash,385
trash/legacy_scripts_20260701/scripts/paper/run_effnet_latent_augmix_stage3_20260524.py,archive_remove_from_public,trash,594
trash/legacy_scripts_20260701/scripts/paper/run_effnet_v7_multiseed_kshot_matrix_20260530.py,archive_remove_from_public,trash,635
trash/legacy_scripts_20260701/scripts/paper/run_fourway_no_gate_lhat_20260518.py,archive_remove_from_public,trash,628
trash/legacy_scripts_20260701/scripts/paper/run_groupdro_source_20260517.py,archive_remove_from_public,trash,407
trash/legacy_scripts_20260701/scripts/paper/run_kshot_baseline_comparators_20260516.py,archive_remove_from_public,trash,788
trash/legacy_scripts_20260701/scripts/paper/run_latenthull_real_anchor_grid_20260512.py,archive_remove_from_public,trash,484
trash/legacy_scripts_20260701/scripts/paper/run_merl_res18_linear_probe_super5_20260517.py,archive_remove_from_public,trash,469
trash/legacy_scripts_20260701/scripts/paper/run_mixstyle_source_20260517.py,archive_remove_from_public,trash,408
trash/legacy_scripts_20260701/scripts/paper/run_multibackbone_vae_only_lhat_20260522.py,archive_remove_from_public,trash,504
trash/legacy_scripts_20260701/scripts/paper/run_real_anchor_lhat_seed_kfold_20260517.py,archive_remove_from_public,trash,530
trash/legacy_scripts_20260701/scripts/paper/run_shot_k500_20260517.py,archive_remove_from_public,trash,452
trash/legacy_scripts_20260701/scripts/paper/run_stmem_linear_probe_super5_20260517.py,archive_remove_from_public,trash,504
trash/legacy_scripts_20260701/scripts/paper/run_tent_baseline_20260517.py,archive_remove_from_public,trash,307
trash/legacy_scripts_20260701/scripts/paper/run_vae_only_latenthull_sweep_20260516.py,archive_remove_from_public,trash,582
trash/legacy_scripts_20260701/scripts/paper/run_vae_only_lhat_kcurve_20260518.py,archive_remove_from_public,trash,510
trash/legacy_scripts_20260701/scripts/paper/select_effnet_robust_checkpoint.py,archive_remove_from_public,trash,482
trash/legacy_scripts_20260701/scripts/paper/summarize_ecgfounder_tval_runs_20260523.py,archive_remove_from_public,trash,97
trash/legacy_scripts_20260701/scripts/pgd_cross_center/aggregate_pilot_results.py,archive_remove_from_public,trash,347
trash/legacy_scripts_20260701/scripts/pgd_cross_center/compare_v13_v14_ctv2.py,archive_remove_from_public,trash,231
trash/legacy_scripts_20260701/scripts/pgd_cross_center/export_ptbxl_real_latent_pool.py,archive_remove_from_public,trash,75
trash/legacy_scripts_20260701/scripts/pgd_cross_center/gen_pgd_adv_buffer.py,archive_remove_from_public,trash,265
trash/legacy_scripts_20260701/scripts/pgd_cross_center/run_module_ablation_1_real_anchored.sh,archive_remove_from_public,trash,97
trash/legacy_scripts_20260701/scripts/pgd_cross_center/run_pilot_2c.sh,archive_remove_from_public,trash,62
trash/legacy_scripts_20260701/scripts/pgd_cross_center/run_pilot_iter2.sh,archive_remove_from_public,trash,63
trash/legacy_scripts_20260701/scripts/pgd_cross_center/run_pilot_iter4.sh,archive_remove_from_public,trash,82
trash/legacy_scripts_20260701/scripts/pgd_cross_center/run_pilot_iter4_ctv2.sh,archive_remove_from_public,trash,88
trash/legacy_scripts_20260701/scripts/pgd_cross_center/run_pilot_iter4b_K400.sh,archive_remove_from_public,trash,110
trash/legacy_scripts_20260701/scripts/pgd_cross_center/synth_online_at_super5.py,archive_remove_from_public,trash,4274
trash/legacy_scripts_20260701/scripts/pgd_cross_center/visualize_adv_samples.py,archive_remove_from_public,trash,380
trash/legacy_scripts_20260701/scripts/prepare_hard_samples.py,archive_remove_from_public,trash,160
trash/legacy_scripts_20260701/scripts/research/jina_reader.sh,archive_remove_from_public,trash,47
trash/legacy_scripts_20260701/scripts/run_adv_generate.py,archive_remove_from_public,trash,115
trash/legacy_scripts_20260701/scripts/run_evaluate_baseline.py,archive_remove_from_public,trash,61
trash/legacy_scripts_20260701/scripts/run_evaluate_finetuned.py,archive_remove_from_public,trash,89
trash/legacy_scripts_20260701/scripts/run_finetune.py,archive_remove_from_public,trash,132
trash/legacy_scripts_20260701/scripts/run_generate_with_center.py,archive_remove_from_public,trash,17
trash/legacy_scripts_20260701/scripts/run_mi_experiment.py,archive_remove_from_public,trash,283
trash/legacy_scripts_20260701/scripts/run_online_training_v4.py,archive_remove_from_public,trash,529
trash/legacy_scripts_20260701/scripts/run_prepare_ptbxl.py,archive_remove_from_public,trash,39
trash/legacy_scripts_20260701/scripts/run_train_center_token.py,archive_remove_from_public,trash,64
trash/legacy_scripts_20260701/scripts/triple_labels/aggregate_results.py,archive_remove_from_public,trash,165
trash/legacy_scripts_20260701/scripts/triple_labels/create_ptbxl_super5_split.py,archive_remove_from_public,trash,132
trash/legacy_scripts_20260701/scripts/triple_labels/eval_benchmark_models.py,archive_remove_from_public,trash,460
trash/legacy_scripts_20260701/scripts/triple_labels/export_pn2021_c_candidate_coverage.py,archive_remove_from_public,trash,151
trash/legacy_scripts_20260701/scripts/triple_labels/export_pn2021_c_summaries.py,archive_remove_from_public,trash,350
trash/legacy_scripts_20260701/scripts/triple_labels/export_pn2021_v3_summaries.py,archive_remove_from_public,trash,157
trash/legacy_scripts_20260701/scripts/triple_labels/export_pn2021c_recovery_report.py,archive_remove_from_public,trash,921
trash/legacy_scripts_20260701/scripts/triple_labels/label_schemes.py,archive_remove_from_public,trash,453
trash/legacy_scripts_20260701/scripts/triple_labels/run_parallel_training.sh,archive_remove_from_public,trash,104
trash/legacy_scripts_20260701/scripts/triple_labels/run_selected_pn2021_c_queue.sh,archive_remove_from_public,trash,56
trash/legacy_scripts_20260701/scripts/triple_labels/watch_then_run_selected_pn2021_c_queue.sh,archive_remove_from_public,trash,20
.codex/agents/experiment-auditor.toml,review,.codex,11
.codex/agents/repo-mapper.toml,review,.codex,12
.codex/agents/reviewer.toml,review,.codex,12
.codex/config.toml,review,.codex,31
.codex/skills/README.md,review,.codex,64
.codex/skills/artifact-git-guard/SKILL.md,review,.codex,34
.codex/skills/data-prep-validator/SKILL.md,review,.codex,37
.codex/skills/ecg-adv-gen/SKILL.md,review,.codex,535
.codex/skills/ecg-agent-retrospective/SKILL.md,review,.codex,99
.codex/skills/ecg-agent-retrospective/references/handoff-template.md,review,.codex,67
.codex/skills/ecg-agent-retrospective/references/session-hygiene.md,review,.codex,31
.codex/skills/ecg-agent-retrospective/references/update-rules.md,review,.codex,42
.codex/skills/ecg-vae-online-at/SKILL.md,review,.codex,411
.codex/skills/ecg-vae-online-at/references/literature_and_repos.md,review,.codex,71
.codex/skills/model-eval/SKILL.md,review,.codex,36
.codex/skills/reproducibility-check/SKILL.md,review,.codex,34
.codex/skills/shared-gpu-server-discipline/SKILL.md,review,.codex,45
CLAUDE.md,review,CLAUDE.md,293
apps/streamlit_ecg_demo/app.py,review,apps,178
apps/streamlit_ecg_demo/components/ecg_plot.py,review,apps,23
apps/streamlit_ecg_demo/services/classifier_backend.py,review,apps,141
apps/streamlit_ecg_demo/services/preprocessing.py,review,apps,114
apps/streamlit_ecg_demo/services/quality_gate.py,review,apps,25
configs/corruption_profiles/pn2021c_dual_model_10to15pp_candidates_20260618.yaml,review,configs,189
configs/corruption_profiles/pn2021c_dual_model_10to15pp_candidates_merged_20260618.yaml,review,configs,291
configs/corruption_profiles/pn2021c_dual_model_10to15pp_refinement_20260618.yaml,review,configs,110
configs/corruption_profiles/pn2021c_dual_model_10to15pp_train_proxy_v1.yaml,review,configs,54
configs/corruption_profiles/pn2021c_dual_model_10to15pp_train_proxy_v2.yaml,review,configs,53
configs/corruption_profiles/pn2021c_dual_model_10to15pp_v1.yaml,review,configs,65
configs/corruption_profiles/pn2021c_realistic_hospital_candidates_20260618.yaml,review,configs,430
configs/corruption_profiles/pn2021c_realistic_hospital_mask_boundary_20260618.yaml,review,configs,30
configs/corruption_profiles/pn2021c_realistic_hospital_refinement_20260618.yaml,review,configs,113
configs/corruption_profiles/pn2021c_realistic_hospital_v1.yaml,review,configs,77
configs/defaults/benchmark_backbone_v7_sjr_rgq_defaults.yaml,review,configs,20
configs/defaults/effnet1dv2_defaults.yaml,review,configs,19
configs/schemas/local_config.schema.json,review,configs,39
configs/super5_trusted3_class_trust.json,review,configs,9
data/prepare_ptbxl_for_ecgtwin.py,review,data,382
ecg_adv_gen/config/external_models.py,review,ecg_adv_gen,230
ecg_adv_gen/data/tierm_refs.py,review,ecg_adv_gen,237
ecg_adv_gen/evaluation/pn2021_reporting.py,review,ecg_adv_gen,157
ecg_adv_gen/evaluation/pn2021c_candidate_coverage.py,review,ecg_adv_gen,147
ecg_adv_gen/evaluation/pn2021c_realism_diagnostics.py,review,ecg_adv_gen,366
ecg_adv_gen/evaluation/pn2021c_recovery_report.py,review,ecg_adv_gen,942
ecg_adv_gen/evaluation/pn2021c_reporting.py,review,ecg_adv_gen,350
ecg_adv_gen/evaluation/robust_checkpoint_selector.py,review,ecg_adv_gen,477
ecg_adv_gen/evaluation/tierm_crosscenter.py,review,ecg_adv_gen,349
ecg_adv_gen/generation/prompt_tokens.py,review,ecg_adv_gen,230
ecg_adv_gen/labels/tier26.py,review,ecg_adv_gen,336
ecg_adv_gen/training/tierm_online_adv.py,review,ecg_adv_gen,1206
scripts/agent/audit_agent_workspace.py,review,scripts,644
scripts/agent/audit_retrospective_inputs.py,review,scripts,206
scripts/agent/backfill_vae_lhat_manifest.py,review,scripts,57
scripts/agent/build_comparison_bundle.py,review,scripts,52
scripts/agent/check_external_models.py,review,scripts,58
scripts/agent/finalize_run.py,review,scripts,51
scripts/agent/register_run.py,review,scripts,51
scripts/agent/run_launch_config_child.py,review,scripts,116
scripts/agent/run_matrix_parallel.py,review,scripts,118
scripts/audit_managed_configs.py,review,scripts,52
scripts/bootstrap_model_repos.sh,review,scripts,208
scripts/export_data_manifest.py,review,scripts,68
scripts/merge_metrics_long.py,review,scripts,58
util/__init__.py,review,util,0
util/ecg_digital_features.py,review,util,699
util/ecg_viz.py,review,util,620
util/ecgtwin_utils.py,review,util,517
util/get_PTBXL.py,review,util,124
util/lead_utils.py,review,util,156
util/save_tool.py,review,util,333
ecg_adv_gen/runner/benchmark_direct_finetune.py,review_runner_not_in_closure,ecg_adv_gen,454
ecg_adv_gen/runner/build_official_s5_composite_k500_subset.py,review_runner_not_in_closure,ecg_adv_gen,197
ecg_adv_gen/runner/ecgfounder_kshot_head_ft.py,review_runner_not_in_closure,ecg_adv_gen,348
ecg_adv_gen/runner/finetune_center_super5.py,review_runner_not_in_closure,ecg_adv_gen,281
ecg_adv_gen/runner/kshot_subset_export.py,review_runner_not_in_closure,ecg_adv_gen,382
ecg_adv_gen/runner/matrix_parallel.py,review_runner_not_in_closure,ecg_adv_gen,59
ecg_adv_gen/runner/offline_synth_pgd_at_super5.py,review_runner_not_in_closure,ecg_adv_gen,665
ecg_adv_gen/runner/pn2021c_build.py,review_runner_not_in_closure,ecg_adv_gen,215
ecg_adv_gen/runner/pn2021c_dual_model_sweep.py,review_runner_not_in_closure,ecg_adv_gen,1107
ecg_adv_gen/runner/prep_real_anchor_npz.py,review_runner_not_in_closure,ecg_adv_gen,104
ecg_adv_gen/runner/prepare_self_distill_synth.py,review_runner_not_in_closure,ecg_adv_gen,334
ecg_adv_gen/runner/ptbxl_source_train.py,review_runner_not_in_closure,ecg_adv_gen,419
ecg_adv_gen/runner/ptbxl_source_train_self_distill.py,review_runner_not_in_closure,ecg_adv_gen,629
ecg_adv_gen/runner/synth_online_at_super5.py,review_runner_not_in_closure,ecg_adv_gen,4274
